[19:20:08] model=small  total=498  todo=498
[19:20:15] [1/498] 01-C语言-带你学C带你飞\00-学习环境搭建\1-《带你学C带你飞》学习环境搭建教程.mp4
[19:20:30]     ! FAIL RuntimeError: Library cublas64_12.dll is not found or cannot be loaded
[19:20:30] [2/498] 01-C语言-带你学C带你飞\01-正课\001-【C语言】《带你学C带你飞》 p01 这个系列讲什么.mp4
[19:59:57] model=medium  total=498  todo=498
[20:01:50] [1/498] 01-C语言-带你学C带你飞\00-学习环境搭建\1-《带你学C带你飞》学习环境搭建教程.mp4
[20:04:16]     -> 文字稿\01-C语言-带你学C带你飞\00-学习环境搭建\1-《带你学C带你飞》学习环境搭建教程.md  (564 segments)
[20:04:16] [2/498] 01-C语言-带你学C带你飞\01-正课\001-【C语言】《带你学C带你飞》 p01 这个系列讲什么.mp4
[20:04:54]     -> 文字稿\01-C语言-带你学C带你飞\01-正课\001-【C语言】《带你学C带你飞》 p01 这个系列讲什么.md  (94 segments)
[20:04:54] [3/498] 01-C语言-带你学C带你飞\01-正课\002-【C语言】《带你学C带你飞》 p02 第一个程序.mp4
[20:05:56]     -> 文字稿\01-C语言-带你学C带你飞\01-正课\002-【C语言】《带你学C带你飞》 p02 第一个程序.md  (91 segments)
[20:05:56] [4/498] 01-C语言-带你学C带你飞\01-正课\003-【C语言】《带你学C带你飞》 p03 打印.mp4
[20:06:33] model=medium  total=495  todo=495
[20:06:41] [1/495] 01-C语言-带你学C带你飞\01-正课\003-【C语言】《带你学C带你飞》 p03 打印.mp4
[20:07:02]     -> 文字稿\01-C语言-带你学C带你飞\01-正课\003-【C语言】《带你学C带你飞》 p03 打印.md  (352 segments)
[20:07:02] [5/498] 01-C语言-带你学C带你飞\01-正课\004-【C语言】《带你学C带你飞》 p04 变量.mp4
[20:08:26]     -> 文字稿\01-C语言-带你学C带你飞\01-正课\003-【C语言】《带你学C带你飞》 p03 打印.md  (352 segments)
[20:08:26]     ! FAIL FileNotFoundError: [WinError 2] 系统找不到指定的文件。: 'F:\\小甲鱼\\视频\\01-C语言-带你学C带你飞\\01-正课\\003-【C语言】《带你学C带你飞》 p03 打印.mp4'
[20:08:26] [2/495] 01-C语言-带你学C带你飞\01-正课\004-【C语言】《带你学C带你飞》 p04 变量.mp4
[20:08:29]     -> 文字稿\01-C语言-带你学C带你飞\01-正课\004-【C语言】《带你学C带你飞》 p04 变量.md  (63 segments)
[20:08:29] [6/498] 01-C语言-带你学C带你飞\01-正课\005-【C语言】《带你学C带你飞》 p05 常量和宏定义.mp4
[20:09:52]     -> 文字稿\01-C语言-带你学C带你飞\01-正课\004-【C语言】《带你学C带你飞》 p04 变量.md  (63 segments)
[20:09:52]     ! FAIL FileNotFoundError: [WinError 2] 系统找不到指定的文件。: 'F:\\小甲鱼\\视频\\01-C语言-带你学C带你飞\\01-正课\\004-【C语言】《带你学C带你飞》 p04 变量.mp4'
[20:09:52] [3/495] 01-C语言-带你学C带你飞\01-正课\005-【C语言】《带你学C带你飞》 p05 常量和宏定义.mp4
[20:10:19]     -> 文字稿\01-C语言-带你学C带你飞\01-正课\005-【C语言】《带你学C带你飞》 p05 常量和宏定义.md  (266 segments)
[20:10:19] [7/498] 01-C语言-带你学C带你飞\01-正课\006-【C语言】《带你学C带你飞》 p06 数据类型.mp4
[20:11:29]     -> 文字稿\01-C语言-带你学C带你飞\01-正课\006-【C语言】《带你学C带你飞》 p06 数据类型.md  (55 segments)
[20:11:29] [8/498] 01-C语言-带你学C带你飞\01-正课\007-【C语言】《带你学C带你飞》 p07 取值范围.mp4
[20:11:40]     -> 文字稿\01-C语言-带你学C带你飞\01-正课\005-【C语言】《带你学C带你飞》 p05 常量和宏定义.md  (266 segments)
[20:11:40]     ! FAIL FileNotFoundError: [WinError 2] 系统找不到指定的文件。: 'F:\\小甲鱼\\视频\\01-C语言-带你学C带你飞\\01-正课\\005-【C语言】《带你学C带你飞》 p05 常量和宏定义.mp4'
[20:11:40] [4/495] 01-C语言-带你学C带你飞\01-正课\006-【C语言】《带你学C带你飞》 p06 数据类型.mp4
[20:11:40]     ! FAIL FileNotFoundError: [Errno 2] No such file or directory: 'F:\\小甲鱼\\视频\\01-C语言-带你学C带你飞\\01-正课\\006-【C语言】《带你学C带你飞》 p06 数据类型.mp4'
[20:11:40] [5/495] 01-C语言-带你学C带你飞\01-正课\007-【C语言】《带你学C带你飞》 p07 取值范围.mp4
[20:13:46]     -> 文字稿\01-C语言-带你学C带你飞\01-正课\007-【C语言】《带你学C带你飞》 p07 取值范围.md  (445 segments)
[20:13:46] [9/498] 01-C语言-带你学C带你飞\01-正课\008-【C语言】《带你学C带你飞》 p08 字符和字符串.mp4
[20:13:59]     -> 文字稿\01-C语言-带你学C带你飞\01-正课\007-【C语言】《带你学C带你飞》 p07 取值范围.md  (445 segments)
[20:13:59]     ! FAIL FileNotFoundError: [WinError 2] 系统找不到指定的文件。: 'F:\\小甲鱼\\视频\\01-C语言-带你学C带你飞\\01-正课\\007-【C语言】《带你学C带你飞》 p07 取值范围.mp4'
[20:13:59] [6/495] 01-C语言-带你学C带你飞\01-正课\008-【C语言】《带你学C带你飞》 p08 字符和字符串.mp4
[20:15:15]     -> 文字稿\01-C语言-带你学C带你飞\01-正课\008-【C语言】《带你学C带你飞》 p08 字符和字符串.md  (78 segments)
[20:15:15] [10/498] 01-C语言-带你学C带你飞\01-正课\009-【C语言】《带你学C带你飞》 p09 算术运算符.mp4
[20:15:27]     -> 文字稿\01-C语言-带你学C带你飞\01-正课\008-【C语言】《带你学C带你飞》 p08 字符和字符串.md  (78 segments)
[20:15:27]     ! FAIL FileNotFoundError: [WinError 2] 系统找不到指定的文件。: 'F:\\小甲鱼\\视频\\01-C语言-带你学C带你飞\\01-正课\\008-【C语言】《带你学C带你飞》 p08 字符和字符串.mp4'
[20:15:27] [7/495] 01-C语言-带你学C带你飞\01-正课\009-【C语言】《带你学C带你飞》 p09 算术运算符.mp4
[20:17:13]     -> 文字稿\01-C语言-带你学C带你飞\01-正课\009-【C语言】《带你学C带你飞》 p09 算术运算符.md  (70 segments)
[20:17:13] [11/498] 01-C语言-带你学C带你飞\01-正课\010-【C语言】《带你学C带你飞》 p10 关系运算符和逻辑运算符.mp4
[20:17:26]     -> 文字稿\01-C语言-带你学C带你飞\01-正课\009-【C语言】《带你学C带你飞》 p09 算术运算符.md  (70 segments)
[20:17:26]     ! FAIL FileNotFoundError: [WinError 2] 系统找不到指定的文件。: 'F:\\小甲鱼\\视频\\01-C语言-带你学C带你飞\\01-正课\\009-【C语言】《带你学C带你飞》 p09 算术运算符.mp4'
[20:17:26] [8/495] 01-C语言-带你学C带你飞\01-正课\010-【C语言】《带你学C带你飞》 p10 关系运算符和逻辑运算符.mp4
[20:19:10]     -> 文字稿\01-C语言-带你学C带你飞\01-正课\010-【C语言】《带你学C带你飞》 p10 关系运算符和逻辑运算符.md  (148 segments)
[20:19:10] [12/498] 01-C语言-带你学C带你飞\01-正课\011-【C语言】《带你学C带你飞》 p11 if语句.mp4
[20:19:24]     -> 文字稿\01-C语言-带你学C带你飞\01-正课\010-【C语言】《带你学C带你飞》 p10 关系运算符和逻辑运算符.md  (148 segments)
[20:19:24]     ! FAIL FileNotFoundError: [WinError 2] 系统找不到指定的文件。: 'F:\\小甲鱼\\视频\\01-C语言-带你学C带你飞\\01-正课\\010-【C语言】《带你学C带你飞》 p10 关系运算符和逻辑运算符.mp4'
[20:19:24] [9/495] 01-C语言-带你学C带你飞\01-正课\011-【C语言】《带你学C带你飞》 p11 if语句.mp4
[20:20:36]     -> 文字稿\01-C语言-带你学C带你飞\01-正课\011-【C语言】《带你学C带你飞》 p11 if语句.md  (43 segments)
[20:20:36] [13/498] 01-C语言-带你学C带你飞\01-正课\012-【C语言】《带你学C带你飞》 p12 switch语句和分支嵌套.mp4
[20:20:48]     -> 文字稿\01-C语言-带你学C带你飞\01-正课\011-【C语言】《带你学C带你飞》 p11 if语句.md  (43 segments)
[20:20:48]     ! FAIL FileNotFoundError: [WinError 2] 系统找不到指定的文件。: 'F:\\小甲鱼\\视频\\01-C语言-带你学C带你飞\\01-正课\\011-【C语言】《带你学C带你飞》 p11 if语句.mp4'
[20:20:48] [10/495] 01-C语言-带你学C带你飞\01-正课\012-【C语言】《带你学C带你飞》 p12 switch语句和分支嵌套.mp4
[20:22:43]     -> 文字稿\01-C语言-带你学C带你飞\01-正课\012-【C语言】《带你学C带你飞》 p12 switch语句和分支嵌套.md  (126 segments)
[20:22:43] [14/498] 01-C语言-带你学C带你飞\01-正课\013-【C语言】《带你学C带你飞》 p13 while语句和do-while语句.mp4
[20:23:00]     -> 文字稿\01-C语言-带你学C带你飞\01-正课\012-【C语言】《带你学C带你飞》 p12 switch语句和分支嵌套.md  (126 segments)
[20:23:00]     ! FAIL FileNotFoundError: [WinError 2] 系统找不到指定的文件。: 'F:\\小甲鱼\\视频\\01-C语言-带你学C带你飞\\01-正课\\012-【C语言】《带你学C带你飞》 p12 switch语句和分支嵌套.mp4'
[20:23:00] [11/495] 01-C语言-带你学C带你飞\01-正课\013-【C语言】《带你学C带你飞》 p13 while语句和do-while语句.mp4
[20:24:17]     -> 文字稿\01-C语言-带你学C带你飞\01-正课\013-【C语言】《带你学C带你飞》 p13 while语句和do-while语句.md  (270 segments)
[20:24:17] [15/498] 01-C语言-带你学C带你飞\01-正课\014-【C语言】《带你学C带你飞》 p14 for语句和循环嵌套.mp4
[20:24:31]     -> 文字稿\01-C语言-带你学C带你飞\01-正课\013-【C语言】《带你学C带你飞》 p13 while语句和do-while语句.md  (270 segments)
[20:24:31]     ! FAIL FileNotFoundError: [WinError 2] 系统找不到指定的文件。: 'F:\\小甲鱼\\视频\\01-C语言-带你学C带你飞\\01-正课\\013-【C语言】《带你学C带你飞》 p13 while语句和do-while语句.mp4'
[20:24:31] [12/495] 01-C语言-带你学C带你飞\01-正课\014-【C语言】《带你学C带你飞》 p14 for语句和循环嵌套.mp4
[20:26:42]     -> 文字稿\01-C语言-带你学C带你飞\01-正课\014-【C语言】《带你学C带你飞》 p14 for语句和循环嵌套.md  (154 segments)
[20:26:42] [16/498] 01-C语言-带你学C带你飞\01-正课\015-【C语言】《带你学C带你飞》 p15 break语句和continue语句.mp4
[20:27:00]     -> 文字稿\01-C语言-带你学C带你飞\01-正课\014-【C语言】《带你学C带你飞》 p14 for语句和循环嵌套.md  (154 segments)
[20:27:00]     ! FAIL FileNotFoundError: [WinError 2] 系统找不到指定的文件。: 'F:\\小甲鱼\\视频\\01-C语言-带你学C带你飞\\01-正课\\014-【C语言】《带你学C带你飞》 p14 for语句和循环嵌套.mp4'
[20:27:00] [13/495] 01-C语言-带你学C带你飞\01-正课\015-【C语言】《带你学C带你飞》 p15 break语句和continue语句.mp4
[20:28:19]     -> 文字稿\01-C语言-带你学C带你飞\01-正课\015-【C语言】《带你学C带你飞》 p15 break语句和continue语句.md  (165 segments)
[20:28:19] [17/498] 01-C语言-带你学C带你飞\01-正课\016-【C语言】《带你学C带你飞》 p16 拾遗.mp4
[20:28:36]     -> 文字稿\01-C语言-带你学C带你飞\01-正课\015-【C语言】《带你学C带你飞》 p15 break语句和continue语句.md  (165 segments)
[20:28:36]     ! FAIL FileNotFoundError: [WinError 2] 系统找不到指定的文件。: 'F:\\小甲鱼\\视频\\01-C语言-带你学C带你飞\\01-正课\\015-【C语言】《带你学C带你飞》 p15 break语句和continue语句.mp4'
[20:28:36] [14/495] 01-C语言-带你学C带你飞\01-正课\016-【C语言】《带你学C带你飞》 p16 拾遗.mp4
[20:30:33]     -> 文字稿\01-C语言-带你学C带你飞\01-正课\016-【C语言】《带你学C带你飞》 p16 拾遗.md  (188 segments)
[20:30:33] [18/498] 01-C语言-带你学C带你飞\01-正课\017-【C语言】《带你学C带你飞》 p17 数组.mp4
[20:30:50]     -> 文字稿\01-C语言-带你学C带你飞\01-正课\016-【C语言】《带你学C带你飞》 p16 拾遗.md  (188 segments)
[20:30:50]     ! FAIL FileNotFoundError: [WinError 2] 系统找不到指定的文件。: 'F:\\小甲鱼\\视频\\01-C语言-带你学C带你飞\\01-正课\\016-【C语言】《带你学C带你飞》 p16 拾遗.mp4'
[20:30:50] [15/495] 01-C语言-带你学C带你飞\01-正课\017-【C语言】《带你学C带你飞》 p17 数组.mp4
[20:32:33]     -> 文字稿\01-C语言-带你学C带你飞\01-正课\017-【C语言】《带你学C带你飞》 p17 数组.md  (331 segments)
[20:32:33] [19/498] 01-C语言-带你学C带你飞\01-正课\018-【C语言】《带你学C带你飞》 p18 啪啪啪.mp4
[20:32:53]     -> 文字稿\01-C语言-带你学C带你飞\01-正课\017-【C语言】《带你学C带你飞》 p17 数组.md  (331 segments)
[20:32:54]     ! FAIL FileNotFoundError: [WinError 2] 系统找不到指定的文件。: 'F:\\小甲鱼\\视频\\01-C语言-带你学C带你飞\\01-正课\\017-【C语言】《带你学C带你飞》 p17 数组.mp4'
[20:32:54] [16/495] 01-C语言-带你学C带你飞\01-正课\018-【C语言】《带你学C带你飞》 p18 啪啪啪.mp4
[20:33:56]     -> 文字稿\01-C语言-带你学C带你飞\01-正课\018-【C语言】《带你学C带你飞》 p18 啪啪啪.md  (250 segments)
[20:33:56] [20/498] 01-C语言-带你学C带你飞\01-正课\019-【C语言】《带你学C带你飞》 p19 字符串处理函数.mp4
[20:34:13]     -> 文字稿\01-C语言-带你学C带你飞\01-正课\018-【C语言】《带你学C带你飞》 p18 啪啪啪.md  (250 segments)
[20:34:13]     ! FAIL FileNotFoundError: [WinError 2] 系统找不到指定的文件。: 'F:\\小甲鱼\\视频\\01-C语言-带你学C带你飞\\01-正课\\018-【C语言】《带你学C带你飞》 p18 啪啪啪.mp4'
[20:34:13] [17/495] 01-C语言-带你学C带你飞\01-正课\019-【C语言】《带你学C带你飞》 p19 字符串处理函数.mp4
[20:36:30]     -> 文字稿\01-C语言-带你学C带你飞\01-正课\019-【C语言】《带你学C带你飞》 p19 字符串处理函数.md  (479 segments)
[20:36:30] [21/498] 01-C语言-带你学C带你飞\01-正课\020-【C语言】《带你学C带你飞》 p20 二维数组.mp4
[20:36:52]     -> 文字稿\01-C语言-带你学C带你飞\01-正课\019-【C语言】《带你学C带你飞》 p19 字符串处理函数.md  (480 segments)
[20:36:52]     ! FAIL FileNotFoundError: [WinError 2] 系统找不到指定的文件。: 'F:\\小甲鱼\\视频\\01-C语言-带你学C带你飞\\01-正课\\019-【C语言】《带你学C带你飞》 p19 字符串处理函数.mp4'
[20:36:52] [18/495] 01-C语言-带你学C带你飞\01-正课\020-【C语言】《带你学C带你飞》 p20 二维数组.mp4
[20:38:08]     -> 文字稿\01-C语言-带你学C带你飞\01-正课\020-【C语言】《带你学C带你飞》 p20 二维数组.md  (320 segments)
[20:38:08] [22/498] 01-C语言-带你学C带你飞\01-正课\021-【C语言】《带你学C带你飞》 p21 指针.mp4
[20:38:30]     -> 文字稿\01-C语言-带你学C带你飞\01-正课\020-【C语言】《带你学C带你飞》 p20 二维数组.md  (320 segments)
[20:38:30]     ! FAIL FileNotFoundError: [WinError 2] 系统找不到指定的文件。: 'F:\\小甲鱼\\视频\\01-C语言-带你学C带你飞\\01-正课\\020-【C语言】《带你学C带你飞》 p20 二维数组.mp4'
[20:38:30] [19/495] 01-C语言-带你学C带你飞\01-正课\021-【C语言】《带你学C带你飞》 p21 指针.mp4
[20:40:02]     -> 文字稿\01-C语言-带你学C带你飞\01-正课\021-【C语言】《带你学C带你飞》 p21 指针.md  (326 segments)
[20:40:02] [23/498] 01-C语言-带你学C带你飞\01-正课\022-【C语言】《带你学C带你飞》 p22 指针和数组.mp4
[20:40:23]     -> 文字稿\01-C语言-带你学C带你飞\01-正课\021-【C语言】《带你学C带你飞》 p21 指针.md  (326 segments)
[20:40:23]     ! FAIL FileNotFoundError: [WinError 2] 系统找不到指定的文件。: 'F:\\小甲鱼\\视频\\01-C语言-带你学C带你飞\\01-正课\\021-【C语言】《带你学C带你飞》 p21 指针.mp4'
[20:40:23] [20/495] 01-C语言-带你学C带你飞\01-正课\022-【C语言】《带你学C带你飞》 p22 指针和数组.mp4
[20:42:41]     -> 文字稿\01-C语言-带你学C带你飞\01-正课\022-【C语言】《带你学C带你飞》 p22 指针和数组.md  (431 segments)
[20:42:41] [24/498] 01-C语言-带你学C带你飞\01-正课\023-【C语言】《带你学C带你飞》 p23 指针数组和数组指针.mp4
[20:43:00]     -> 文字稿\01-C语言-带你学C带你飞\01-正课\022-【C语言】《带你学C带你飞》 p22 指针和数组.md  (431 segments)
[20:43:00]     ! FAIL FileNotFoundError: [WinError 2] 系统找不到指定的文件。: 'F:\\小甲鱼\\视频\\01-C语言-带你学C带你飞\\01-正课\\022-【C语言】《带你学C带你飞》 p22 指针和数组.mp4'
[20:43:00] [21/495] 01-C语言-带你学C带你飞\01-正课\023-【C语言】《带你学C带你飞》 p23 指针数组和数组指针.mp4
[17:15:16] total=475  todo=475
[17:15:16] [1/475] 01-C语言-带你学C带你飞\01-正课\023-【C语言】《带你学C带你飞》 p23 指针数组和数组指针.mp4
[17:17:00]     OK  (104s)  OK F:\小甲鱼\文字稿\01-C语言-带你学C带你飞\01-正课\023-【C语言】《带你学C带你飞》 p23 指针数组和数组指针.md 691
[17:17:00] [2/475] 01-C语言-带你学C带你飞\01-正课\024-【C语言】《带你学C带你飞》 p24 指针和二维数组.mp4
[17:18:01]     OK  (61s)  OK F:\小甲鱼\文字稿\01-C语言-带你学C带你飞\01-正课\024-【C语言】《带你学C带你飞》 p24 指针和二维数组.md 361
[17:18:01] [3/475] 01-C语言-带你学C带你飞\01-正课\025-【C语言】《带你学C带你飞》 p25 void指针和NULL指针.mp4
[17:19:08]     OK  (67s)  OK F:\小甲鱼\文字稿\01-C语言-带你学C带你飞\01-正课\025-【C语言】《带你学C带你飞》 p25 void指针和NULL指针.md 413
[17:19:08] [4/475] 01-C语言-带你学C带你飞\01-正课\026-【C语言】《带你学C带你飞》 p26 指向指针的指针.mp4
[17:20:58]     OK  (110s)  OK F:\小甲鱼\文字稿\01-C语言-带你学C带你飞\01-正课\026-【C语言】《带你学C带你飞》 p26 指向指针的指针.md 759
[17:20:58] [5/475] 01-C语言-带你学C带你飞\01-正课\027-【C语言】《带你学C带你飞》 p27 常量和指针.mp4
[17:22:04]     OK  (67s)  OK F:\小甲鱼\文字稿\01-C语言-带你学C带你飞\01-正课\027-【C语言】《带你学C带你飞》 p27 常量和指针.md 404
[17:22:04] [6/475] 01-C语言-带你学C带你飞\01-正课\028-【C语言】《带你学C带你飞》 p28 函数.mp4
[17:23:38]     OK  (94s)  OK F:\小甲鱼\文字稿\01-C语言-带你学C带你飞\01-正课\028-【C语言】《带你学C带你飞》 p28 函数.md 427
[17:23:39] [7/475] 01-C语言-带你学C带你飞\01-正课\029-【C语言】《带你学C带你飞》 p29 参数和指针.mp4
[17:25:45]     OK  (127s)  OK F:\小甲鱼\文字稿\01-C语言-带你学C带你飞\01-正课\029-【C语言】《带你学C带你飞》 p29 参数和指针.md 788
[17:25:45] [8/475] 01-C语言-带你学C带你飞\01-正课\030-【C语言】《带你学C带你飞》 p30 指针函数和函数指针.mp4
[17:27:59]     OK  (134s)  OK F:\小甲鱼\文字稿\01-C语言-带你学C带你飞\01-正课\030-【C语言】《带你学C带你飞》 p30 指针函数和函数指针.md 794
[17:27:59] [9/475] 01-C语言-带你学C带你飞\01-正课\031-【C语言】《带你学C带你飞》 p31 局部变量和全局变量.mp4
[17:29:36]     OK  (97s)  OK F:\小甲鱼\文字稿\01-C语言-带你学C带你飞\01-正课\031-【C语言】《带你学C带你飞》 p31 局部变量和全局变量.md 573
[17:29:36] [10/475] 01-C语言-带你学C带你飞\01-正课\032-【C语言】《带你学C带你飞》 p32 作用域和链接属性.mp4
[17:31:31]     OK  (115s)  OK F:\小甲鱼\文字稿\01-C语言-带你学C带你飞\01-正课\032-【C语言】《带你学C带你飞》 p32 作用域和链接属性.md 713
[17:31:31] [11/475] 01-C语言-带你学C带你飞\01-正课\033-【C语言】《带你学C带你飞》 p33 生存期和存储类型.mp4
[17:32:58]     OK  (87s)  OK F:\小甲鱼\文字稿\01-C语言-带你学C带你飞\01-正课\033-【C语言】《带你学C带你飞》 p33 生存期和存储类型.md 441
[17:32:58] [12/475] 01-C语言-带你学C带你飞\01-正课\034-【C语言】《带你学C带你飞》 p34 递归.mp4
[17:34:27]     OK  (90s)  OK F:\小甲鱼\文字稿\01-C语言-带你学C带你飞\01-正课\034-【C语言】《带你学C带你飞》 p34 递归.md 448
[17:34:27] [13/475] 01-C语言-带你学C带你飞\01-正课\035-【C语言】《带你学C带你飞》 p35 汉诺塔.mp4
[17:35:38]     OK  (70s)  OK F:\小甲鱼\文字稿\01-C语言-带你学C带你飞\01-正课\035-【C语言】《带你学C带你飞》 p35 汉诺塔.md 383
[17:35:38] [14/475] 01-C语言-带你学C带你飞\01-正课\036-【C语言】《带你学C带你飞》 p36 快速排序.mp4
[17:36:52]     OK  (75s)  OK F:\小甲鱼\文字稿\01-C语言-带你学C带你飞\01-正课\036-【C语言】《带你学C带你飞》 p36 快速排序.md 448
[17:36:52] [15/475] 01-C语言-带你学C带你飞\01-正课\037-【C语言】《带你学C带你飞》 p37 动态内存管理1.mp4
[17:38:15]     OK  (83s)  OK F:\小甲鱼\文字稿\01-C语言-带你学C带你飞\01-正课\037-【C语言】《带你学C带你飞》 p37 动态内存管理1.md 457
[17:38:15] [16/475] 01-C语言-带你学C带你飞\01-正课\038-【C语言】《带你学C带你飞》 p38 动态内存管理2.mp4
[17:39:52]     OK  (97s)  OK F:\小甲鱼\文字稿\01-C语言-带你学C带你飞\01-正课\038-【C语言】《带你学C带你飞》 p38 动态内存管理2.md 662
[17:39:52] [17/475] 01-C语言-带你学C带你飞\01-正课\039-【C语言】《带你学C带你飞》 p39 C语言的内存布局.mp4
[17:41:10]     OK  (78s)  OK F:\小甲鱼\文字稿\01-C语言-带你学C带你飞\01-正课\039-【C语言】《带你学C带你飞》 p39 C语言的内存布局.md 412
[17:41:10] [18/475] 01-C语言-带你学C带你飞\01-正课\040-【C语言】《带你学C带你飞》 p40 高级宏定义.mp4
[17:42:13]     OK  (63s)  OK F:\小甲鱼\文字稿\01-C语言-带你学C带你飞\01-正课\040-【C语言】《带你学C带你飞》 p40 高级宏定义.md 457
[17:42:13] [19/475] 01-C语言-带你学C带你飞\01-正课\041-【C语言】《带你学C带你飞》 p41 内联函数和一些鲜为人知的技巧.mp4
[17:43:24]     OK  (71s)  OK F:\小甲鱼\文字稿\01-C语言-带你学C带你飞\01-正课\041-【C语言】《带你学C带你飞》 p41 内联函数和一些鲜为人知的技巧.md 477
[17:43:24] [20/475] 01-C语言-带你学C带你飞\01-正课\042-【C语言】《带你学C带你飞》 p42 结构体.mp4
[17:44:40]     OK  (76s)  OK F:\小甲鱼\文字稿\01-C语言-带你学C带你飞\01-正课\042-【C语言】《带你学C带你飞》 p42 结构体.md 500
[17:44:40] [21/475] 01-C语言-带你学C带你飞\01-正课\043-【C语言】《带你学C带你飞》 p43 结构体数组和结构体指针.mp4
[17:45:29]     OK  (49s)  OK F:\小甲鱼\文字稿\01-C语言-带你学C带你飞\01-正课\043-【C语言】《带你学C带你飞》 p43 结构体数组和结构体指针.md 249
[17:45:29] [22/475] 01-C语言-带你学C带你飞\01-正课\044-【C语言】《带你学C带你飞》 p44 传递结构体变量和结构体指针.mp4
[17:46:41]     OK  (72s)  OK F:\小甲鱼\文字稿\01-C语言-带你学C带你飞\01-正课\044-【C语言】《带你学C带你飞》 p44 传递结构体变量和结构体指针.md 605
[17:46:41] [23/475] 01-C语言-带你学C带你飞\01-正课\045-【C语言】《带你学C带你飞》 p45 单链表1.mp4
[17:48:02]     OK  (81s)  OK F:\小甲鱼\文字稿\01-C语言-带你学C带你飞\01-正课\045-【C语言】《带你学C带你飞》 p45 单链表1.md 569
[17:48:02] [24/475] 01-C语言-带你学C带你飞\01-正课\046-【C语言】《带你学C带你飞》 p46 单链表2.mp4
[17:49:15]     OK  (73s)  OK F:\小甲鱼\文字稿\01-C语言-带你学C带你飞\01-正课\046-【C语言】《带你学C带你飞》 p46 单链表2.md 492
[17:49:15] [25/475] 01-C语言-带你学C带你飞\01-正课\047-【C语言】《带你学C带你飞》 p47 单链表3.mp4
[17:50:19]     OK  (64s)  OK F:\小甲鱼\文字稿\01-C语言-带你学C带你飞\01-正课\047-【C语言】《带你学C带你飞》 p47 单链表3.md 395
[17:50:19] [26/475] 01-C语言-带你学C带你飞\01-正课\048-【C语言】《带你学C带你飞》 p48 内存池.mp4
[17:51:32]     OK  (73s)  OK F:\小甲鱼\文字稿\01-C语言-带你学C带你飞\01-正课\048-【C语言】《带你学C带你飞》 p48 内存池.md 482
[17:51:32] [27/475] 01-C语言-带你学C带你飞\01-正课\049-【C语言】《带你学C带你飞》 p49 基础typedef.mp4
[17:52:55]     OK  (83s)  OK F:\小甲鱼\文字稿\01-C语言-带你学C带你飞\01-正课\049-【C语言】《带你学C带你飞》 p49 基础typedef.md 536
[17:52:55] [28/475] 01-C语言-带你学C带你飞\01-正课\050-【C语言】《带你学C带你飞》 p50 进阶typedef.mp4
[17:54:11]     OK  (75s)  OK F:\小甲鱼\文字稿\01-C语言-带你学C带你飞\01-正课\050-【C语言】《带你学C带你飞》 p50 进阶typedef.md 451
[17:54:11] [29/475] 01-C语言-带你学C带你飞\01-正课\051-【C语言】《带你学C带你飞》 p51 共用体.mp4
[17:54:54]     OK  (43s)  OK F:\小甲鱼\文字稿\01-C语言-带你学C带你飞\01-正课\051-【C语言】《带你学C带你飞》 p51 共用体.md 262
[17:54:54] [30/475] 01-C语言-带你学C带你飞\01-正课\052-【C语言】《带你学C带你飞》 p52 枚举类型.mp4
[17:55:47]     OK  (54s)  OK F:\小甲鱼\文字稿\01-C语言-带你学C带你飞\01-正课\052-【C语言】《带你学C带你飞》 p52 枚举类型.md 395
[17:55:47] [31/475] 01-C语言-带你学C带你飞\01-正课\053-【C语言】《带你学C带你飞》 p53 位域.mp4
[17:56:42]     OK  (55s)  OK F:\小甲鱼\文字稿\01-C语言-带你学C带你飞\01-正课\053-【C语言】《带你学C带你飞》 p53 位域.md 282
[17:56:42] [32/475] 01-C语言-带你学C带你飞\01-正课\054-【C语言】《带你学C带你飞》 p54 位操作.mp4
[17:57:34]     OK  (52s)  OK F:\小甲鱼\文字稿\01-C语言-带你学C带你飞\01-正课\054-【C语言】《带你学C带你飞》 p54 位操作.md 310
[17:57:34] [33/475] 01-C语言-带你学C带你飞\01-正课\055-【C语言】《带你学C带你飞》 p55 移位和位操作的应用.mp4
[17:58:39]     OK  (65s)  OK F:\小甲鱼\文字稿\01-C语言-带你学C带你飞\01-正课\055-【C语言】《带你学C带你飞》 p55 移位和位操作的应用.md 283
[17:58:39] [34/475] 01-C语言-带你学C带你飞\01-正课\056-【C语言】《带你学C带你飞》 p56 打开和关闭文件.mp4
[18:00:09]     OK  (90s)  OK F:\小甲鱼\文字稿\01-C语言-带你学C带你飞\01-正课\056-【C语言】《带你学C带你飞》 p56 打开和关闭文件.md 553
[18:00:09] [35/475] 01-C语言-带你学C带你飞\01-正课\057-【C语言】《带你学C带你飞》 p57 读写文件1.mp4
[18:01:35]     OK  (86s)  OK F:\小甲鱼\文字稿\01-C语言-带你学C带你飞\01-正课\057-【C语言】《带你学C带你飞》 p57 读写文件1.md 586
[18:01:35] [36/475] 01-C语言-带你学C带你飞\01-正课\058-【C语言】《带你学C带你飞》 p58 读写文件2.mp4
[18:02:55]     OK  (80s)  OK F:\小甲鱼\文字稿\01-C语言-带你学C带你飞\01-正课\058-【C语言】《带你学C带你飞》 p58 读写文件2.md 527
[18:02:55] [37/475] 01-C语言-带你学C带你飞\01-正课\059-【C语言】《带你学C带你飞》 p59 随机读写文件.mp4
[18:04:20]     OK  (84s)  OK F:\小甲鱼\文字稿\01-C语言-带你学C带你飞\01-正课\059-【C语言】《带你学C带你飞》 p59 随机读写文件.md 564
[18:04:20] [38/475] 01-C语言-带你学C带你飞\01-正课\060-【C语言】《带你学C带你飞》 p60 标准流和错误处理.mp4
[18:05:45]     OK  (86s)  OK F:\小甲鱼\文字稿\01-C语言-带你学C带你飞\01-正课\060-【C语言】《带你学C带你飞》 p60 标准流和错误处理.md 493
[18:05:45] [39/475] 01-C语言-带你学C带你飞\01-正课\061-【C语言】《带你学C带你飞》 p61 IO缓冲区.mp4
[18:06:39]     OK  (53s)  OK F:\小甲鱼\文字稿\01-C语言-带你学C带你飞\01-正课\061-【C语言】《带你学C带你飞》 p61 IO缓冲区.md 244
[18:06:39] [40/475] 01-C语言-带你学C带你飞\02-调试篇\001-【调试篇】《带你学C带你飞》 p01 普通断点和条件断点.mp4
[18:07:52]     OK  (73s)  OK F:\小甲鱼\文字稿\01-C语言-带你学C带你飞\02-调试篇\001-【调试篇】《带你学C带你飞》 p01 普通断点和条件断点.md 350
[18:07:52] [41/475] 01-C语言-带你学C带你飞\02-调试篇\002-【调试篇】《带你学C带你飞》 p02 To be continued.mp4
[18:08:01]     OK  (9s)  OK F:\小甲鱼\文字稿\01-C语言-带你学C带你飞\02-调试篇\002-【调试篇】《带你学C带你飞》 p02 To be continued.md 1
[18:08:01] [42/475] 01-C语言-带你学C带你飞\03-VIM快速入门\001-【VIM快速入门】《带你学C带你飞》（番外篇） p01 VIM快速入门1.mp4
[18:08:49]     OK  (48s)  OK F:\小甲鱼\文字稿\01-C语言-带你学C带你飞\03-VIM快速入门\001-【VIM快速入门】《带你学C带你飞》（番外篇） p01 VIM快速入门1.md 260
[18:08:49] [43/475] 01-C语言-带你学C带你飞\03-VIM快速入门\002-【VIM快速入门】《带你学C带你飞》（番外篇） p02 VIM快速入门2.mp4
[18:09:41]     OK  (52s)  OK F:\小甲鱼\文字稿\01-C语言-带你学C带你飞\03-VIM快速入门\002-【VIM快速入门】《带你学C带你飞》（番外篇） p02 VIM快速入门2.md 236
[18:09:41] [44/475] 01-C语言-带你学C带你飞\03-VIM快速入门\003-【VIM快速入门】《带你学C带你飞》（番外篇） p03 VIM快速入门3.mp4
[18:10:50]     OK  (69s)  OK F:\小甲鱼\文字稿\01-C语言-带你学C带你飞\03-VIM快速入门\003-【VIM快速入门】《带你学C带你飞》（番外篇） p03 VIM快速入门3.md 329
[18:10:50] [45/475] 01-C语言-带你学C带你飞\03-VIM快速入门\004-【VIM快速入门】《带你学C带你飞》（番外篇） p04 VIM快速入门4.mp4
[18:12:03]     OK  (73s)  OK F:\小甲鱼\文字稿\01-C语言-带你学C带你飞\03-VIM快速入门\004-【VIM快速入门】《带你学C带你飞》（番外篇） p04 VIM快速入门4.md 431
[18:12:03] [46/475] 01-C语言-带你学C带你飞\03-VIM快速入门\005-【VIM快速入门】《带你学C带你飞》（番外篇） p05 VIM快速入门5.mp4
[18:13:09]     OK  (67s)  OK F:\小甲鱼\文字稿\01-C语言-带你学C带你飞\03-VIM快速入门\005-【VIM快速入门】《带你学C带你飞》（番外篇） p05 VIM快速入门5.md 339
[18:13:09] [47/475] 01-C语言-带你学C带你飞\03-VIM快速入门\006-【VIM快速入门】《带你学C带你飞》（番外篇） p06 VIM快速入门6.mp4
[18:14:09]     OK  (59s)  OK F:\小甲鱼\文字稿\01-C语言-带你学C带你飞\03-VIM快速入门\006-【VIM快速入门】《带你学C带你飞》（番外篇） p06 VIM快速入门6.md 372
[18:14:09] [48/475] 01-C语言-带你学C带你飞\03-VIM快速入门\007-【VIM快速入门】《带你学C带你飞》（番外篇） p07 VIM快速入门7.mp4
[18:15:30]     OK  (82s)  OK F:\小甲鱼\文字稿\01-C语言-带你学C带你飞\03-VIM快速入门\007-【VIM快速入门】《带你学C带你飞》（番外篇） p07 VIM快速入门7.md 349
[18:15:30] [49/475] 02-C语言-数据结构和算法\01-C语言描述\001-【C语言描述】《数据结构和算法》 p01 数据结构和算法绪论.mp4
[18:17:08]     OK  (98s)  OK F:\小甲鱼\文字稿\02-C语言-数据结构和算法\01-C语言描述\001-【C语言描述】《数据结构和算法》 p01 数据结构和算法绪论.md 432
[18:17:08] [50/475] 02-C语言-数据结构和算法\01-C语言描述\002-【C语言描述】《数据结构和算法》 p02 谈谈算法.mp4
[18:19:28]     OK  (141s)  OK F:\小甲鱼\文字稿\02-C语言-数据结构和算法\01-C语言描述\002-【C语言描述】《数据结构和算法》 p02 谈谈算法.md 550
[18:19:28] [51/475] 02-C语言-数据结构和算法\01-C语言描述\003-【C语言描述】《数据结构和算法》 p03 时间复杂度和空间复杂度1.mp4
[18:21:42]     OK  (133s)  OK F:\小甲鱼\文字稿\02-C语言-数据结构和算法\01-C语言描述\003-【C语言描述】《数据结构和算法》 p03 时间复杂度和空间复杂度1.md 743
[18:21:42] [52/475] 02-C语言-数据结构和算法\01-C语言描述\004-【C语言描述】《数据结构和算法》 p04 时间复杂度和空间复杂度2.mp4
[18:23:28]     OK  (106s)  OK F:\小甲鱼\文字稿\02-C语言-数据结构和算法\01-C语言描述\004-【C语言描述】《数据结构和算法》 p04 时间复杂度和空间复杂度2.md 540
[18:23:28] [53/475] 02-C语言-数据结构和算法\01-C语言描述\005-【C语言描述】《数据结构和算法》 p05 时间复杂度和空间复杂度3.mp4
[18:24:58]     OK  (90s)  OK F:\小甲鱼\文字稿\02-C语言-数据结构和算法\01-C语言描述\005-【C语言描述】《数据结构和算法》 p05 时间复杂度和空间复杂度3.md 270
[18:24:58] [54/475] 02-C语言-数据结构和算法\01-C语言描述\006-【C语言描述】《数据结构和算法》 p06 线性表1.mp4
[18:26:34]     OK  (97s)  OK F:\小甲鱼\文字稿\02-C语言-数据结构和算法\01-C语言描述\006-【C语言描述】《数据结构和算法》 p06 线性表1.md 389
[18:26:34] [55/475] 02-C语言-数据结构和算法\01-C语言描述\007-【C语言描述】《数据结构和算法》 p07 线性表2.mp4
[18:28:11]     OK  (97s)  OK F:\小甲鱼\文字稿\02-C语言-数据结构和算法\01-C语言描述\007-【C语言描述】《数据结构和算法》 p07 线性表2.md 523
[18:28:11] [56/475] 02-C语言-数据结构和算法\01-C语言描述\008-【C语言描述】《数据结构和算法》 p08 线性表3.mp4
[18:29:59]     OK  (108s)  OK F:\小甲鱼\文字稿\02-C语言-数据结构和算法\01-C语言描述\008-【C语言描述】《数据结构和算法》 p08 线性表3.md 809
[18:29:59] [57/475] 02-C语言-数据结构和算法\01-C语言描述\009-【C语言描述】《数据结构和算法》 p09 线性表4.mp4
[18:31:32]     OK  (93s)  OK F:\小甲鱼\文字稿\02-C语言-数据结构和算法\01-C语言描述\009-【C语言描述】《数据结构和算法》 p09 线性表4.md 529
[18:31:32] [58/475] 02-C语言-数据结构和算法\01-C语言描述\010-【C语言描述】《数据结构和算法》 p10 线性表5.mp4
[18:32:52]     OK  (80s)  OK F:\小甲鱼\文字稿\02-C语言-数据结构和算法\01-C语言描述\010-【C语言描述】《数据结构和算法》 p10 线性表5.md 399
[18:32:52] [59/475] 02-C语言-数据结构和算法\01-C语言描述\011-【C语言描述】《数据结构和算法》 p11 线性表6.mp4
[18:34:13]     OK  (81s)  OK F:\小甲鱼\文字稿\02-C语言-数据结构和算法\01-C语言描述\011-【C语言描述】《数据结构和算法》 p11 线性表6.md 397
[18:34:13] [60/475] 02-C语言-数据结构和算法\01-C语言描述\012-【C语言描述】《数据结构和算法》 p12 线性表7.mp4
[18:35:48]     OK  (95s)  OK F:\小甲鱼\文字稿\02-C语言-数据结构和算法\01-C语言描述\012-【C语言描述】《数据结构和算法》 p12 线性表7.md 565
[18:35:48] [61/475] 02-C语言-数据结构和算法\01-C语言描述\013-【C语言描述】《数据结构和算法》 p13 线性表8.mp4
[18:37:01]     OK  (73s)  OK F:\小甲鱼\文字稿\02-C语言-数据结构和算法\01-C语言描述\013-【C语言描述】《数据结构和算法》 p13 线性表8.md 431
[18:37:01] [62/475] 02-C语言-数据结构和算法\01-C语言描述\014-【C语言描述】《数据结构和算法》 p14 线性表9.mp4
[18:38:03]     OK  (62s)  OK F:\小甲鱼\文字稿\02-C语言-数据结构和算法\01-C语言描述\014-【C语言描述】《数据结构和算法》 p14 线性表9.md 318
[18:38:03] [63/475] 02-C语言-数据结构和算法\01-C语言描述\015-【C语言描述】《数据结构和算法》 p15 线性表10.mp4
[18:39:10]     OK  (67s)  OK F:\小甲鱼\文字稿\02-C语言-数据结构和算法\01-C语言描述\015-【C语言描述】《数据结构和算法》 p15 线性表10.md 395
[18:39:10] [64/475] 02-C语言-数据结构和算法\01-C语言描述\016-【C语言描述】《数据结构和算法》 p16 线性表11.mp4
[18:40:40]     OK  (90s)  OK F:\小甲鱼\文字稿\02-C语言-数据结构和算法\01-C语言描述\016-【C语言描述】《数据结构和算法》 p16 线性表11.md 504
[18:40:40] [65/475] 02-C语言-数据结构和算法\01-C语言描述\017-【C语言描述】《数据结构和算法》 p17 线性表12.mp4
[18:42:31]     OK  (111s)  OK F:\小甲鱼\文字稿\02-C语言-数据结构和算法\01-C语言描述\017-【C语言描述】《数据结构和算法》 p17 线性表12.md 644
[18:42:31] [66/475] 02-C语言-数据结构和算法\01-C语言描述\018-【C语言描述】《数据结构和算法》 p18 线性表13.mp4
[18:43:52]     OK  (81s)  OK F:\小甲鱼\文字稿\02-C语言-数据结构和算法\01-C语言描述\018-【C语言描述】《数据结构和算法》 p18 线性表13.md 498
[18:43:52] [67/475] 02-C语言-数据结构和算法\01-C语言描述\019-【C语言描述】《数据结构和算法》 p19 线性表14.mp4
[18:45:48]     OK  (116s)  OK F:\小甲鱼\文字稿\02-C语言-数据结构和算法\01-C语言描述\019-【C语言描述】《数据结构和算法》 p19 线性表14.md 832
[18:45:48] [68/475] 02-C语言-数据结构和算法\01-C语言描述\020-【C语言描述】《数据结构和算法》 p20 线性表15.mp4
[18:47:17]     OK  (89s)  OK F:\小甲鱼\文字稿\02-C语言-数据结构和算法\01-C语言描述\020-【C语言描述】《数据结构和算法》 p20 线性表15.md 360
[18:47:17] [69/475] 02-C语言-数据结构和算法\01-C语言描述\021-【C语言描述】《数据结构和算法》 p21 线性表16.mp4
[18:48:21]     OK  (64s)  OK F:\小甲鱼\文字稿\02-C语言-数据结构和算法\01-C语言描述\021-【C语言描述】《数据结构和算法》 p21 线性表16.md 342
[18:48:21] [70/475] 02-C语言-数据结构和算法\01-C语言描述\022-【C语言描述】《数据结构和算法》 p22 线性表17.mp4
[18:51:08]     OK  (167s)  OK F:\小甲鱼\文字稿\02-C语言-数据结构和算法\01-C语言描述\022-【C语言描述】《数据结构和算法》 p22 线性表17.md 1113
[18:51:08] [71/475] 02-C语言-数据结构和算法\01-C语言描述\023-【C语言描述】《数据结构和算法》 p23 栈和队列1.mp4
[18:52:50]     OK  (102s)  OK F:\小甲鱼\文字稿\02-C语言-数据结构和算法\01-C语言描述\023-【C语言描述】《数据结构和算法》 p23 栈和队列1.md 574
[18:52:50] [72/475] 02-C语言-数据结构和算法\01-C语言描述\024-【C语言描述】《数据结构和算法》 p24 栈和队列2.mp4
[18:54:09]     OK  (80s)  OK F:\小甲鱼\文字稿\02-C语言-数据结构和算法\01-C语言描述\024-【C语言描述】《数据结构和算法》 p24 栈和队列2.md 395
[18:54:10] [73/475] 02-C语言-数据结构和算法\01-C语言描述\025-【C语言描述】《数据结构和算法》 p25 栈和队列3.mp4
[18:56:40]     OK  (150s)  OK F:\小甲鱼\文字稿\02-C语言-数据结构和算法\01-C语言描述\025-【C语言描述】《数据结构和算法》 p25 栈和队列3.md 746
[18:56:40] [74/475] 02-C语言-数据结构和算法\01-C语言描述\026-【C语言描述】《数据结构和算法》 p26 栈和队列4.mp4
[18:57:40]     OK  (61s)  OK F:\小甲鱼\文字稿\02-C语言-数据结构和算法\01-C语言描述\026-【C语言描述】《数据结构和算法》 p26 栈和队列4.md 257
[18:57:40] [75/475] 02-C语言-数据结构和算法\01-C语言描述\027-【C语言描述】《数据结构和算法》 p27 栈和队列5.mp4
[19:00:01]     OK  (141s)  OK F:\小甲鱼\文字稿\02-C语言-数据结构和算法\01-C语言描述\027-【C语言描述】《数据结构和算法》 p27 栈和队列5.md 557
[19:00:01] [76/475] 02-C语言-数据结构和算法\01-C语言描述\028-【C语言描述】《数据结构和算法》 p28 栈和队列6（上）.mp4
[19:01:08]     OK  (67s)  OK F:\小甲鱼\文字稿\02-C语言-数据结构和算法\01-C语言描述\028-【C语言描述】《数据结构和算法》 p28 栈和队列6（上）.md 213
[19:01:08] [77/475] 02-C语言-数据结构和算法\01-C语言描述\029-【C语言描述】《数据结构和算法》 p29 栈和队列6（下）.mp4
[19:02:31]     OK  (82s)  OK F:\小甲鱼\文字稿\02-C语言-数据结构和算法\01-C语言描述\029-【C语言描述】《数据结构和算法》 p29 栈和队列6（下）.md 514
[19:02:31] [78/475] 02-C语言-数据结构和算法\01-C语言描述\030-【C语言描述】《数据结构和算法》 p30 栈和队列7.mp4
[19:03:27]     OK  (56s)  OK F:\小甲鱼\文字稿\02-C语言-数据结构和算法\01-C语言描述\030-【C语言描述】《数据结构和算法》 p30 栈和队列7.md 115
[19:03:27] [79/475] 02-C语言-数据结构和算法\01-C语言描述\031-【C语言描述】《数据结构和算法》 p31 栈和队列8.mp4
[19:04:46]     OK  (80s)  OK F:\小甲鱼\文字稿\02-C语言-数据结构和算法\01-C语言描述\031-【C语言描述】《数据结构和算法》 p31 栈和队列8.md 472
[19:04:46] [80/475] 02-C语言-数据结构和算法\01-C语言描述\032-【C语言描述】《数据结构和算法》 p32 递归和分治思想1.mp4
[19:06:19]     OK  (92s)  OK F:\小甲鱼\文字稿\02-C语言-数据结构和算法\01-C语言描述\032-【C语言描述】《数据结构和算法》 p32 递归和分治思想1.md 391
[19:06:19] [81/475] 02-C语言-数据结构和算法\01-C语言描述\033-【C语言描述】《数据结构和算法》 p33 递归和分治思想2.mp4
[20:38:31]     TIMEOUT > 12min — 跳过：033-【C语言描述】《数据结构和算法》 p33 递归和分治思想2
[20:38:31] [82/475] 02-C语言-数据结构和算法\01-C语言描述\034-【C语言描述】《数据结构和算法》 p34 递归和分治思想3.mp4
[20:40:10]     OK  (99s)  OK F:\小甲鱼\文字稿\02-C语言-数据结构和算法\01-C语言描述\034-【C语言描述】《数据结构和算法》 p34 递归和分治思想3.md 586
[20:40:10] [83/475] 02-C语言-数据结构和算法\01-C语言描述\035-【C语言描述】《数据结构和算法》 p35 递归和分治思想4.mp4
[20:42:25]     OK  (134s)  OK F:\小甲鱼\文字稿\02-C语言-数据结构和算法\01-C语言描述\035-【C语言描述】《数据结构和算法》 p35 递归和分治思想4.md 827
[20:42:25] [84/475] 02-C语言-数据结构和算法\01-C语言描述\036-【C语言描述】《数据结构和算法》 p36 字符串.mp4
[20:43:36]     OK  (71s)  OK F:\小甲鱼\文字稿\02-C语言-数据结构和算法\01-C语言描述\036-【C语言描述】《数据结构和算法》 p36 字符串.md 414
[20:43:36] [85/475] 02-C语言-数据结构和算法\01-C语言描述\037-【C语言描述】《数据结构和算法》 p37 KMP算法1.mp4
[20:45:15]     OK  (99s)  OK F:\小甲鱼\文字稿\02-C语言-数据结构和算法\01-C语言描述\037-【C语言描述】《数据结构和算法》 p37 KMP算法1.md 625
[20:45:15] [86/475] 02-C语言-数据结构和算法\01-C语言描述\038-【C语言描述】《数据结构和算法》 p38 KMP算法2.mp4
[20:46:41]     OK  (86s)  OK F:\小甲鱼\文字稿\02-C语言-数据结构和算法\01-C语言描述\038-【C语言描述】《数据结构和算法》 p38 KMP算法2.md 572
[20:46:41] [87/475] 02-C语言-数据结构和算法\01-C语言描述\039-【C语言描述】《数据结构和算法》 p39 KMP算法之NEXT数组代码原理分析.mp4
[20:48:45]     OK  (124s)  OK F:\小甲鱼\文字稿\02-C语言-数据结构和算法\01-C语言描述\039-【C语言描述】《数据结构和算法》 p39 KMP算法之NEXT数组代码原理分析.md 834
[20:48:45] [88/475] 02-C语言-数据结构和算法\01-C语言描述\040-【C语言描述】《数据结构和算法》 p40 KMP算法之最终实现及优化.mp4
[20:49:52]     OK  (66s)  OK F:\小甲鱼\文字稿\02-C语言-数据结构和算法\01-C语言描述\040-【C语言描述】《数据结构和算法》 p40 KMP算法之最终实现及优化.md 394
[20:49:52] [89/475] 02-C语言-数据结构和算法\01-C语言描述\041-【C语言描述】《数据结构和算法》 p41 树.mp4
[20:50:52]     OK  (60s)  OK F:\小甲鱼\文字稿\02-C语言-数据结构和算法\01-C语言描述\041-【C语言描述】《数据结构和算法》 p41 树.md 334
[20:50:52] [90/475] 02-C语言-数据结构和算法\01-C语言描述\042-【C语言描述】《数据结构和算法》 p42 树的存储结构1.mp4
[20:51:57]     OK  (65s)  OK F:\小甲鱼\文字稿\02-C语言-数据结构和算法\01-C语言描述\042-【C语言描述】《数据结构和算法》 p42 树的存储结构1.md 361
[20:51:57] [91/475] 02-C语言-数据结构和算法\01-C语言描述\043-【C语言描述】《数据结构和算法》 p43 树的存储结构2.mp4
[20:53:21]     OK  (84s)  OK F:\小甲鱼\文字稿\02-C语言-数据结构和算法\01-C语言描述\043-【C语言描述】《数据结构和算法》 p43 树的存储结构2.md 397
[20:53:21] [92/475] 02-C语言-数据结构和算法\01-C语言描述\044-【C语言描述】《数据结构和算法》 p44 二叉树1.mp4
[20:54:43]     OK  (82s)  OK F:\小甲鱼\文字稿\02-C语言-数据结构和算法\01-C语言描述\044-【C语言描述】《数据结构和算法》 p44 二叉树1.md 617
[20:54:43] [93/475] 02-C语言-数据结构和算法\01-C语言描述\045-【C语言描述】《数据结构和算法》 p45 二叉树2.mp4
[20:56:06]     OK  (83s)  OK F:\小甲鱼\文字稿\02-C语言-数据结构和算法\01-C语言描述\045-【C语言描述】《数据结构和算法》 p45 二叉树2.md 473
[20:56:06] [94/475] 02-C语言-数据结构和算法\01-C语言描述\046-【C语言描述】《数据结构和算法》 p46 二叉树的存数结构.mp4
[20:56:45]     OK  (39s)  OK F:\小甲鱼\文字稿\02-C语言-数据结构和算法\01-C语言描述\046-【C语言描述】《数据结构和算法》 p46 二叉树的存数结构.md 233
[20:56:45] [95/475] 02-C语言-数据结构和算法\01-C语言描述\047-【C语言描述】《数据结构和算法》 p47 二叉树的遍历.mp4
[20:57:39]     OK  (54s)  OK F:\小甲鱼\文字稿\02-C语言-数据结构和算法\01-C语言描述\047-【C语言描述】《数据结构和算法》 p47 二叉树的遍历.md 385
[20:57:39] [96/475] 02-C语言-数据结构和算法\01-C语言描述\048-【C语言描述】《数据结构和算法》 p48 二叉树的建立和遍历算法.mp4
[20:59:46]     OK  (127s)  OK F:\小甲鱼\文字稿\02-C语言-数据结构和算法\01-C语言描述\048-【C语言描述】《数据结构和算法》 p48 二叉树的建立和遍历算法.md 690
[20:59:46] [97/475] 02-C语言-数据结构和算法\01-C语言描述\049-【C语言描述】《数据结构和算法》 p49 线索二叉树.mp4
[21:01:03]     OK  (77s)  OK F:\小甲鱼\文字稿\02-C语言-数据结构和算法\01-C语言描述\049-【C语言描述】《数据结构和算法》 p49 线索二叉树.md 395
[21:01:03] [98/475] 02-C语言-数据结构和算法\01-C语言描述\050-【C语言描述】《数据结构和算法》 p50 线索二叉树代码实现.mp4
[21:04:40]     OK  (217s)  OK F:\小甲鱼\文字稿\02-C语言-数据结构和算法\01-C语言描述\050-【C语言描述】《数据结构和算法》 p50 线索二叉树代码实现.md 1809
[21:04:40] [99/475] 02-C语言-数据结构和算法\01-C语言描述\051-【C语言描述】《数据结构和算法》 p51 树、森林及二叉树的相互转换.mp4
[21:06:21]     OK  (101s)  OK F:\小甲鱼\文字稿\02-C语言-数据结构和算法\01-C语言描述\051-【C语言描述】《数据结构和算法》 p51 树、森林及二叉树的相互转换.md 397
[21:06:21] [100/475] 02-C语言-数据结构和算法\01-C语言描述\052-【C语言描述】《数据结构和算法》 p52 赫夫曼树.mp4
[21:07:50]     OK  (89s)  OK F:\小甲鱼\文字稿\02-C语言-数据结构和算法\01-C语言描述\052-【C语言描述】《数据结构和算法》 p52 赫夫曼树.md 401
[21:07:50] [101/475] 02-C语言-数据结构和算法\01-C语言描述\053-【C语言描述】《数据结构和算法》 p53 赫夫曼编码.mp4
[21:09:25]     OK  (95s)  OK F:\小甲鱼\文字稿\02-C语言-数据结构和算法\01-C语言描述\053-【C语言描述】《数据结构和算法》 p53 赫夫曼编码.md 448
[21:09:25] [102/475] 02-C语言-数据结构和算法\01-C语言描述\054-【C语言描述】《数据结构和算法》 p54 赫夫曼编码C语言实现.mp4
[21:12:40]     OK  (195s)  OK F:\小甲鱼\文字稿\02-C语言-数据结构和算法\01-C语言描述\054-【C语言描述】《数据结构和算法》 p54 赫夫曼编码C语言实现.md 808
[21:12:40] [103/475] 02-C语言-数据结构和算法\01-C语言描述\055-【C语言描述】《数据结构和算法》 p55 图的定义与术语1.mp4
[21:13:53]     OK  (72s)  OK F:\小甲鱼\文字稿\02-C语言-数据结构和算法\01-C语言描述\055-【C语言描述】《数据结构和算法》 p55 图的定义与术语1.md 483
[21:13:53] [104/475] 02-C语言-数据结构和算法\01-C语言描述\056-【C语言描述】《数据结构和算法》 p56 图的定义与术语2.mp4
[21:15:15]     OK  (83s)  OK F:\小甲鱼\文字稿\02-C语言-数据结构和算法\01-C语言描述\056-【C语言描述】《数据结构和算法》 p56 图的定义与术语2.md 481
[21:15:15] [105/475] 02-C语言-数据结构和算法\01-C语言描述\057-【C语言描述】《数据结构和算法》 p57 图的存储结构.mp4
[21:17:27]     OK  (132s)  OK F:\小甲鱼\文字稿\02-C语言-数据结构和算法\01-C语言描述\057-【C语言描述】《数据结构和算法》 p57 图的存储结构.md 679
[21:17:27] [106/475] 02-C语言-数据结构和算法\01-C语言描述\058-【C语言描述】《数据结构和算法》 p58 图的存储结构（邻接表）.mp4
[21:18:50]     OK  (83s)  OK F:\小甲鱼\文字稿\02-C语言-数据结构和算法\01-C语言描述\058-【C语言描述】《数据结构和算法》 p58 图的存储结构（邻接表）.md 225
[21:18:50] [107/475] 02-C语言-数据结构和算法\01-C语言描述\059-【C语言描述】《数据结构和算法》 p59 图的存储结构（十字链表、邻接多重表、边集数组）.mp4
[21:22:53]     OK  (243s)  OK F:\小甲鱼\文字稿\02-C语言-数据结构和算法\01-C语言描述\059-【C语言描述】《数据结构和算法》 p59 图的存储结构（十字链表、邻接多重表、边集数组）.md 711
[21:22:53] [108/475] 02-C语言-数据结构和算法\01-C语言描述\060-【C语言描述】《数据结构和算法》 p60 图的遍历（深度优先遍历）.mp4
[21:32:23]     OK  (570s)  OK F:\小甲鱼\文字稿\02-C语言-数据结构和算法\01-C语言描述\060-【C语言描述】《数据结构和算法》 p60 图的遍历（深度优先遍历）.md 473
[21:32:23] [109/475] 02-C语言-数据结构和算法\01-C语言描述\061-【C语言描述】《数据结构和算法》 p61 马踏棋盘算法（骑士周游问题）.mp4
[21:35:09]     OK  (166s)  OK F:\小甲鱼\文字稿\02-C语言-数据结构和算法\01-C语言描述\061-【C语言描述】《数据结构和算法》 p61 马踏棋盘算法（骑士周游问题）.md 1012
[21:35:09] [110/475] 02-C语言-数据结构和算法\01-C语言描述\062-【C语言描述】《数据结构和算法》 p62 图的遍历（广度优先遍历）.mp4
[21:36:10]     OK  (61s)  OK F:\小甲鱼\文字稿\02-C语言-数据结构和算法\01-C语言描述\062-【C语言描述】《数据结构和算法》 p62 图的遍历（广度优先遍历）.md 354
[21:36:10] [111/475] 02-C语言-数据结构和算法\01-C语言描述\063-【C语言描述】《数据结构和算法》 p63 最小生成树（普里姆算法）.mp4
[21:38:04]     OK  (114s)  OK F:\小甲鱼\文字稿\02-C语言-数据结构和算法\01-C语言描述\063-【C语言描述】《数据结构和算法》 p63 最小生成树（普里姆算法）.md 595
[21:38:04] [112/475] 02-C语言-数据结构和算法\01-C语言描述\064-【C语言描述】《数据结构和算法》 p64 最小生成树（克鲁斯卡尔算法）.mp4
[21:39:57]     OK  (113s)  OK F:\小甲鱼\文字稿\02-C语言-数据结构和算法\01-C语言描述\064-【C语言描述】《数据结构和算法》 p64 最小生成树（克鲁斯卡尔算法）.md 786
[21:39:57] [113/475] 02-C语言-数据结构和算法\01-C语言描述\065-【C语言描述】《数据结构和算法》 p65 最短路径（迪杰斯特拉算法）.mp4
[21:41:28]     OK  (91s)  OK F:\小甲鱼\文字稿\02-C语言-数据结构和算法\01-C语言描述\065-【C语言描述】《数据结构和算法》 p65 最短路径（迪杰斯特拉算法）.md 654
[21:41:28] [114/475] 02-C语言-数据结构和算法\01-C语言描述\066-【C语言描述】《数据结构和算法》 p66 最短路径（弗洛伊德算法）.mp4
[21:42:30]     OK  (62s)  OK F:\小甲鱼\文字稿\02-C语言-数据结构和算法\01-C语言描述\066-【C语言描述】《数据结构和算法》 p66 最短路径（弗洛伊德算法）.md 383
[21:42:30] [115/475] 02-C语言-数据结构和算法\01-C语言描述\067-【C语言描述】《数据结构和算法》 p67 拓扑排序.mp4
[21:44:07]     OK  (97s)  OK F:\小甲鱼\文字稿\02-C语言-数据结构和算法\01-C语言描述\067-【C语言描述】《数据结构和算法》 p67 拓扑排序.md 582
[21:44:07] [116/475] 02-C语言-数据结构和算法\01-C语言描述\068-【C语言描述】《数据结构和算法》 p68 关键路径.mp4
[21:45:10]     OK  (63s)  OK F:\小甲鱼\文字稿\02-C语言-数据结构和算法\01-C语言描述\068-【C语言描述】《数据结构和算法》 p68 关键路径.md 331
[21:45:10] [117/475] 02-C语言-数据结构和算法\01-C语言描述\069-【C语言描述】《数据结构和算法》 p69 关键路径（代码讲解）.mp4
[21:47:24]     OK  (134s)  OK F:\小甲鱼\文字稿\02-C语言-数据结构和算法\01-C语言描述\069-【C语言描述】《数据结构和算法》 p69 关键路径（代码讲解）.md 821
[21:47:24] [118/475] 02-C语言-数据结构和算法\01-C语言描述\070-【C语言描述】《数据结构和算法》 p70 查找算法.mp4
[21:48:20]     OK  (55s)  OK F:\小甲鱼\文字稿\02-C语言-数据结构和算法\01-C语言描述\070-【C语言描述】《数据结构和算法》 p70 查找算法.md 288
[21:48:20] [119/475] 02-C语言-数据结构和算法\01-C语言描述\071-【C语言描述】《数据结构和算法》 p71 插值查找（按比例查找）.mp4
[21:49:53]     OK  (93s)  OK F:\小甲鱼\文字稿\02-C语言-数据结构和算法\01-C语言描述\071-【C语言描述】《数据结构和算法》 p71 插值查找（按比例查找）.md 359
[21:49:53] [120/475] 02-C语言-数据结构和算法\01-C语言描述\072-【C语言描述】《数据结构和算法》 p72 斐波那契查找（黄金分割法查找）.mp4
[21:51:37]     OK  (104s)  OK F:\小甲鱼\文字稿\02-C语言-数据结构和算法\01-C语言描述\072-【C语言描述】《数据结构和算法》 p72 斐波那契查找（黄金分割法查找）.md 365
[21:51:37] [121/475] 02-C语言-数据结构和算法\01-C语言描述\073-【C语言描述】《数据结构和算法》 p73 线性索引查找.mp4
[21:53:15]     OK  (98s)  OK F:\小甲鱼\文字稿\02-C语言-数据结构和算法\01-C语言描述\073-【C语言描述】《数据结构和算法》 p73 线性索引查找.md 293
[21:53:15] [122/475] 02-C语言-数据结构和算法\01-C语言描述\074-【C语言描述】《数据结构和算法》 p74 二叉排序树.mp4
[21:54:23]     OK  (67s)  OK F:\小甲鱼\文字稿\02-C语言-数据结构和算法\01-C语言描述\074-【C语言描述】《数据结构和算法》 p74 二叉排序树.md 246
[21:54:23] [123/475] 02-C语言-数据结构和算法\01-C语言描述\075-【C语言描述】《数据结构和算法》 p75 二叉排序树的查找、插入和删除.mp4
[21:55:55]     OK  (93s)  OK F:\小甲鱼\文字稿\02-C语言-数据结构和算法\01-C语言描述\075-【C语言描述】《数据结构和算法》 p75 二叉排序树的查找、插入和删除.md 378
[21:55:55] [124/475] 02-C语言-数据结构和算法\01-C语言描述\076-【C语言描述】《数据结构和算法》 p76 二叉排序树的查找、插入和删除2.mp4
[21:57:32]     OK  (97s)  OK F:\小甲鱼\文字稿\02-C语言-数据结构和算法\01-C语言描述\076-【C语言描述】《数据结构和算法》 p76 二叉排序树的查找、插入和删除2.md 505
[21:57:32] [125/475] 02-C语言-数据结构和算法\01-C语言描述\077-【C语言描述】《数据结构和算法》 p77 平衡二叉树.mp4
[21:58:27]     OK  (55s)  OK F:\小甲鱼\文字稿\02-C语言-数据结构和算法\01-C语言描述\077-【C语言描述】《数据结构和算法》 p77 平衡二叉树.md 120
[21:58:27] [126/475] 02-C语言-数据结构和算法\01-C语言描述\078-【C语言描述】《数据结构和算法》 p78 平衡二叉树的实现原理.mp4
[22:00:46]     OK  (139s)  OK F:\小甲鱼\文字稿\02-C语言-数据结构和算法\01-C语言描述\078-【C语言描述】《数据结构和算法》 p78 平衡二叉树的实现原理.md 692
[22:00:46] [127/475] 02-C语言-数据结构和算法\01-C语言描述\079-【C语言描述】《数据结构和算法》 p79 平衡二叉树的实现原理（代码实现）.mp4
[22:02:30]     OK  (105s)  OK F:\小甲鱼\文字稿\02-C语言-数据结构和算法\01-C语言描述\079-【C语言描述】《数据结构和算法》 p79 平衡二叉树的实现原理（代码实现）.md 775
[22:02:30] [128/475] 02-C语言-数据结构和算法\01-C语言描述\080-【C语言描述】《数据结构和算法》 p80 多路查找树之2-3树.mp4
[22:03:24]     OK  (53s)  OK F:\小甲鱼\文字稿\02-C语言-数据结构和算法\01-C语言描述\080-【C语言描述】《数据结构和算法》 p80 多路查找树之2-3树.md 301
[22:03:24] [129/475] 02-C语言-数据结构和算法\01-C语言描述\081-【C语言描述】《数据结构和算法》 p81 多路查找树之2-3树的插入原理.mp4
[22:04:46]     OK  (83s)  OK F:\小甲鱼\文字稿\02-C语言-数据结构和算法\01-C语言描述\081-【C语言描述】《数据结构和算法》 p81 多路查找树之2-3树的插入原理.md 181
[22:04:46] [130/475] 02-C语言-数据结构和算法\01-C语言描述\082-【C语言描述】《数据结构和算法》 p82 多路查找树之2-3树的删除原理.mp4
[22:05:42]     OK  (56s)  OK F:\小甲鱼\文字稿\02-C语言-数据结构和算法\01-C语言描述\082-【C语言描述】《数据结构和算法》 p82 多路查找树之2-3树的删除原理.md 277
[22:05:42] [131/475] 02-C语言-数据结构和算法\01-C语言描述\083-【C语言描述】《数据结构和算法》 p83 多路查找树之2-3-4树和B树.mp4
[22:06:50]     OK  (68s)  OK F:\小甲鱼\文字稿\02-C语言-数据结构和算法\01-C语言描述\083-【C语言描述】《数据结构和算法》 p83 多路查找树之2-3-4树和B树.md 508
[22:06:50] [132/475] 02-C语言-数据结构和算法\01-C语言描述\084-【C语言描述】《数据结构和算法》 p84 散列表（哈希表）查找.mp4
[22:08:01]     OK  (71s)  OK F:\小甲鱼\文字稿\02-C语言-数据结构和算法\01-C语言描述\084-【C语言描述】《数据结构和算法》 p84 散列表（哈希表）查找.md 318
[22:08:01] [133/475] 02-C语言-数据结构和算法\01-C语言描述\085-【C语言描述】《数据结构和算法》 p85 散列函数的构造方法.mp4
[22:09:22]     OK  (81s)  OK F:\小甲鱼\文字稿\02-C语言-数据结构和算法\01-C语言描述\085-【C语言描述】《数据结构和算法》 p85 散列函数的构造方法.md 468
[22:09:22] [134/475] 02-C语言-数据结构和算法\01-C语言描述\086-【C语言描述】《数据结构和算法》 p86 处理散列冲突的方法.mp4
[22:10:18]     OK  (56s)  OK F:\小甲鱼\文字稿\02-C语言-数据结构和算法\01-C语言描述\086-【C语言描述】《数据结构和算法》 p86 处理散列冲突的方法.md 348
[22:10:18] [135/475] 02-C语言-数据结构和算法\01-C语言描述\087-【C语言描述】《数据结构和算法》 p87 散列表查找的代码实现.mp4
[22:11:02]     OK  (45s)  OK F:\小甲鱼\文字稿\02-C语言-数据结构和算法\01-C语言描述\087-【C语言描述】《数据结构和算法》 p87 散列表查找的代码实现.md 243
[22:11:02] [136/475] 02-C语言-数据结构和算法\01-C语言描述\088-【C语言描述】《数据结构和算法》 p88 排序算法.mp4
[22:12:13]     OK  (70s)  OK F:\小甲鱼\文字稿\02-C语言-数据结构和算法\01-C语言描述\088-【C语言描述】《数据结构和算法》 p88 排序算法.md 290
[22:12:13] [137/475] 02-C语言-数据结构和算法\01-C语言描述\089-【C语言描述】《数据结构和算法》 p89 冒泡排序.mp4
[22:13:26]     OK  (73s)  OK F:\小甲鱼\文字稿\02-C语言-数据结构和算法\01-C语言描述\089-【C语言描述】《数据结构和算法》 p89 冒泡排序.md 445
[22:13:26] [138/475] 02-C语言-数据结构和算法\01-C语言描述\090-【C语言描述】《数据结构和算法》 p90 选择排序.mp4
[22:14:10]     OK  (44s)  OK F:\小甲鱼\文字稿\02-C语言-数据结构和算法\01-C语言描述\090-【C语言描述】《数据结构和算法》 p90 选择排序.md 201
[22:14:10] [139/475] 02-C语言-数据结构和算法\01-C语言描述\091-【C语言描述】《数据结构和算法》 p91 直接插入排序.mp4
[22:14:46]     OK  (36s)  OK F:\小甲鱼\文字稿\02-C语言-数据结构和算法\01-C语言描述\091-【C语言描述】《数据结构和算法》 p91 直接插入排序.md 208
[22:14:46] [140/475] 02-C语言-数据结构和算法\01-C语言描述\092-【C语言描述】《数据结构和算法》 p92 希尔排序.mp4
[22:15:51]     OK  (65s)  OK F:\小甲鱼\文字稿\02-C语言-数据结构和算法\01-C语言描述\092-【C语言描述】《数据结构和算法》 p92 希尔排序.md 423
[22:15:51] [141/475] 02-C语言-数据结构和算法\01-C语言描述\093-【C语言描述】《数据结构和算法》 p93 堆排序.mp4
[22:16:39]     OK  (47s)  OK F:\小甲鱼\文字稿\02-C语言-数据结构和算法\01-C语言描述\093-【C语言描述】《数据结构和算法》 p93 堆排序.md 132
[22:16:39] [142/475] 02-C语言-数据结构和算法\01-C语言描述\094-【C语言描述】《数据结构和算法》 p94 堆排序的代码实现.mp4
[22:17:38]     OK  (60s)  OK F:\小甲鱼\文字稿\02-C语言-数据结构和算法\01-C语言描述\094-【C语言描述】《数据结构和算法》 p94 堆排序的代码实现.md 224
[22:17:38] [143/475] 02-C语言-数据结构和算法\01-C语言描述\095-【C语言描述】《数据结构和算法》 p95 归并排序.mp4
[22:18:32]     OK  (54s)  OK F:\小甲鱼\文字稿\02-C语言-数据结构和算法\01-C语言描述\095-【C语言描述】《数据结构和算法》 p95 归并排序.md 356
[22:18:32] [144/475] 02-C语言-数据结构和算法\01-C语言描述\096-【C语言描述】《数据结构和算法》 p96 归并排序（迭代实现）.mp4
[22:19:50]     OK  (79s)  OK F:\小甲鱼\文字稿\02-C语言-数据结构和算法\01-C语言描述\096-【C语言描述】《数据结构和算法》 p96 归并排序（迭代实现）.md 469
[22:19:50] [145/475] 02-C语言-数据结构和算法\01-C语言描述\097-【C语言描述】《数据结构和算法》 p97 快速排序.mp4
[22:21:03]     OK  (72s)  OK F:\小甲鱼\文字稿\02-C语言-数据结构和算法\01-C语言描述\097-【C语言描述】《数据结构和算法》 p97 快速排序.md 375
[22:21:03] [146/475] 02-C语言-数据结构和算法\01-C语言描述\098-【C语言描述】《数据结构和算法》 p98 快速排序的优化.mp4
[22:22:44]     OK  (102s)  OK F:\小甲鱼\文字稿\02-C语言-数据结构和算法\01-C语言描述\098-【C语言描述】《数据结构和算法》 p98 快速排序的优化.md 592
[22:22:44] [147/475] 02-C语言-数据结构和算法\01-C语言描述\099-【C语言描述】《数据结构和算法》 p99 总结回顾.mp4
[22:23:37]     OK  (53s)  OK F:\小甲鱼\文字稿\02-C语言-数据结构和算法\01-C语言描述\099-【C语言描述】《数据结构和算法》 p99 总结回顾.md 210
[22:23:37] [148/475] 02-C语言-数据结构和算法\02-应用版\001-《数据结构和算法》应用版（2024年08月26日更新） p01 序章.mp4
[22:24:32]     OK  (55s)  OK F:\小甲鱼\文字稿\02-C语言-数据结构和算法\02-应用版\001-《数据结构和算法》应用版（2024年08月26日更新） p01 序章.md 251
[22:24:32] [149/475] 02-C语言-数据结构和算法\02-应用版\002-《数据结构和算法》应用版（2024年08月26日更新） p02 怎么知道你的程序比别人快.mp4
[22:25:40]     OK  (67s)  OK F:\小甲鱼\文字稿\02-C语言-数据结构和算法\02-应用版\002-《数据结构和算法》应用版（2024年08月26日更新） p02 怎么知道你的程序比别人快.md 335
[22:25:40] [150/475] 02-C语言-数据结构和算法\02-应用版\003-《数据结构和算法》应用版（2024年08月26日更新） p03 线性表（数组和单链表）.mp4
[22:26:34]     OK  (54s)  OK F:\小甲鱼\文字稿\02-C语言-数据结构和算法\02-应用版\003-《数据结构和算法》应用版（2024年08月26日更新） p03 线性表（数组和单链表）.md 205
[22:26:34] [151/475] 02-C语言-数据结构和算法\02-应用版\004-《数据结构和算法》应用版（2024年08月26日更新） p04 线性表（双向链表）.mp4
[22:27:10]     OK  (36s)  OK F:\小甲鱼\文字稿\02-C语言-数据结构和算法\02-应用版\004-《数据结构和算法》应用版（2024年08月26日更新） p04 线性表（双向链表）.md 162
[22:27:10] [152/475] 02-C语言-数据结构和算法\02-应用版\005-《数据结构和算法》应用版（2024年08月26日更新） p05 6.5W更新下一节.mp4
[22:27:24]     OK  (14s)  OK F:\小甲鱼\文字稿\02-C语言-数据结构和算法\02-应用版\005-《数据结构和算法》应用版（2024年08月26日更新） p05 6.5W更新下一节.md 9
[22:27:24] [153/475] 02-C语言-数据结构和算法\03-考研版\001-《数据结构和算法》考研版（2024年10月08日更新） p01 序章（考研版）.mp4
[22:28:13]     OK  (50s)  OK F:\小甲鱼\文字稿\02-C语言-数据结构和算法\03-考研版\001-《数据结构和算法》考研版（2024年10月08日更新） p01 序章（考研版）.md 251
[22:28:13] [154/475] 02-C语言-数据结构和算法\03-考研版\002-《数据结构和算法》考研版（2024年10月08日更新） p02 数据结构的基本概念和术语讲解.mp4
[22:29:20]     OK  (66s)  OK F:\小甲鱼\文字稿\02-C语言-数据结构和算法\03-考研版\002-《数据结构和算法》考研版（2024年10月08日更新） p02 数据结构的基本概念和术语讲解.md 375
[22:29:20] [155/475] 02-C语言-数据结构和算法\03-考研版\003-《数据结构和算法》考研版（2024年10月08日更新） p03 算法的时间复杂度.mp4
[22:30:25]     OK  (65s)  OK F:\小甲鱼\文字稿\02-C语言-数据结构和算法\03-考研版\003-《数据结构和算法》考研版（2024年10月08日更新） p03 算法的时间复杂度.md 347
[22:30:25] [156/475] 02-C语言-数据结构和算法\03-考研版\004-《数据结构和算法》考研版（2024年10月08日更新） p04 线性表（顺序存储）.mp4
[22:31:16]     OK  (51s)  OK F:\小甲鱼\文字稿\02-C语言-数据结构和算法\03-考研版\004-《数据结构和算法》考研版（2024年10月08日更新） p04 线性表（顺序存储）.md 225
[22:31:16] [157/475] 02-C语言-数据结构和算法\03-考研版\005-《数据结构和算法》考研版（2024年10月08日更新） p05 线性表（单链表）.mp4
[22:32:09]     OK  (53s)  OK F:\小甲鱼\文字稿\02-C语言-数据结构和算法\03-考研版\005-《数据结构和算法》考研版（2024年10月08日更新） p05 线性表（单链表）.md 275
[22:32:09] [158/475] 02-C语言-数据结构和算法\03-考研版\006-《数据结构和算法》考研版（2024年10月08日更新） p06 10W更新下一节.mp4
[22:32:23]     OK  (14s)  OK F:\小甲鱼\文字稿\02-C语言-数据结构和算法\03-考研版\006-《数据结构和算法》考研版（2024年10月08日更新） p06 10W更新下一节.md 9
[22:32:23] [159/475] 03-Python-零基础入门学习Python-最新版\001-【Python教程】《零基础入门学习Python》最新版（完结撒花🎉） p01 序章.mp4
[22:33:03]     FAIL rc=1 (40s)  UnicodeEncodeError: 'gbk' codec can't encode character '\U0001f389' in position 79: illegal multibyte sequence
[22:33:03] [160/475] 03-Python-零基础入门学习Python-最新版\002-【Python教程】《零基础入门学习Python》最新版（完结撒花🎉） p02 环境搭建和课程介绍.mp4
[22:33:54]     FAIL rc=1 (51s)  UnicodeEncodeError: 'gbk' codec can't encode character '\U0001f389' in position 79: illegal multibyte sequence
[22:33:54] [161/475] 03-Python-零基础入门学习Python-最新版\003-【Python教程】《零基础入门学习Python》最新版（完结撒花🎉） p03 用Python设计第一个游戏.mp4
[22:34:37]     FAIL rc=1 (43s)  UnicodeEncodeError: 'gbk' codec can't encode character '\U0001f389' in position 79: illegal multibyte sequence
[22:34:37] [162/475] 03-Python-零基础入门学习Python-最新版\004-【Python教程】《零基础入门学习Python》最新版（完结撒花🎉） p04 变量和字符串（上）.mp4
[22:35:34]     FAIL rc=1 (57s)  UnicodeEncodeError: 'gbk' codec can't encode character '\U0001f389' in position 79: illegal multibyte sequence
[22:35:34] [163/475] 03-Python-零基础入门学习Python-最新版\005-【Python教程】《零基础入门学习Python》最新版（完结撒花🎉） p05 变量和字符串（下）.mp4
[22:36:22]     FAIL rc=1 (48s)  UnicodeEncodeError: 'gbk' codec can't encode character '\U0001f389' in position 79: illegal multibyte sequence
[22:36:22] [164/475] 03-Python-零基础入门学习Python-最新版\006-【Python教程】《零基础入门学习Python》最新版（完结撒花🎉） p06 是时候讲讲代码了.mp4
[22:37:06]     FAIL rc=1 (44s)  UnicodeEncodeError: 'gbk' codec can't encode character '\U0001f389' in position 79: illegal multibyte sequence
[22:37:06] [165/475] 03-Python-零基础入门学习Python-最新版\007-【Python教程】《零基础入门学习Python》最新版（完结撒花🎉） p07 改进我们的小游戏（上）.mp4
[22:37:59]     FAIL rc=1 (53s)  UnicodeEncodeError: 'gbk' codec can't encode character '\U0001f389' in position 79: illegal multibyte sequence
[22:37:59] [166/475] 03-Python-零基础入门学习Python-最新版\008-【Python教程】《零基础入门学习Python》最新版（完结撒花🎉） p08 改进我们的小游戏（下）.mp4
[22:38:42]     FAIL rc=1 (43s)  UnicodeEncodeError: 'gbk' codec can't encode character '\U0001f389' in position 79: illegal multibyte sequence
[22:38:42] [167/475] 03-Python-零基础入门学习Python-最新版\009-【Python教程】《零基础入门学习Python》最新版（完结撒花🎉） p09 数字类型（上）.mp4
[22:39:23]     FAIL rc=1 (41s)  UnicodeEncodeError: 'gbk' codec can't encode character '\U0001f389' in position 79: illegal multibyte sequence
[22:39:23] [168/475] 03-Python-零基础入门学习Python-最新版\010-【Python教程】《零基础入门学习Python》最新版（完结撒花🎉） p10 数字类型（下）.mp4
[22:40:18]     FAIL rc=1 (55s)  UnicodeEncodeError: 'gbk' codec can't encode character '\U0001f389' in position 79: illegal multibyte sequence
[22:40:18] [169/475] 03-Python-零基础入门学习Python-最新版\011-【Python教程】《零基础入门学习Python》最新版（完结撒花🎉） p11 布尔类型.mp4
[22:41:08]     FAIL rc=1 (50s)  UnicodeEncodeError: 'gbk' codec can't encode character '\U0001f389' in position 79: illegal multibyte sequence
[22:41:08] [170/475] 03-Python-零基础入门学习Python-最新版\012-【Python教程】《零基础入门学习Python》最新版（完结撒花🎉） p12 短路逻辑和运算符优先级.mp4
[22:41:55]     FAIL rc=1 (46s)  UnicodeEncodeError: 'gbk' codec can't encode character '\U0001f389' in position 79: illegal multibyte sequence
[22:41:55] [171/475] 03-Python-零基础入门学习Python-最新版\013-【Python教程】《零基础入门学习Python》最新版（完结撒花🎉） p13 谋定而后动，知止而有得（上）.mp4
[22:42:41]     FAIL rc=1 (46s)  UnicodeEncodeError: 'gbk' codec can't encode character '\U0001f389' in position 79: illegal multibyte sequence
[22:42:41] [172/475] 03-Python-零基础入门学习Python-最新版\014-【Python教程】《零基础入门学习Python》最新版（完结撒花🎉） p14 谋定而后动，知止而有得（下）.mp4
[22:43:49]     FAIL rc=1 (68s)  UnicodeEncodeError: 'gbk' codec can't encode character '\U0001f389' in position 79: illegal multibyte sequence
[22:43:49] [173/475] 03-Python-零基础入门学习Python-最新版\015-【Python教程】《零基础入门学习Python》最新版（完结撒花🎉） p15 了不起的分支和循环（I）.mp4
[22:44:32]     FAIL rc=1 (43s)  UnicodeEncodeError: 'gbk' codec can't encode character '\U0001f389' in position 79: illegal multibyte sequence
[22:44:32] [174/475] 03-Python-零基础入门学习Python-最新版\016-【Python教程】《零基础入门学习Python》最新版（完结撒花🎉） p16 了不起的分支和循环（II）.mp4
[22:45:12]     FAIL rc=1 (40s)  UnicodeEncodeError: 'gbk' codec can't encode character '\U0001f389' in position 79: illegal multibyte sequence
[22:45:12] [175/475] 03-Python-零基础入门学习Python-最新版\017-【Python教程】《零基础入门学习Python》最新版（完结撒花🎉） p17 了不起的分支和循环（III）.mp4
[22:45:56]     FAIL rc=1 (44s)  UnicodeEncodeError: 'gbk' codec can't encode character '\U0001f389' in position 79: illegal multibyte sequence
[22:45:56] [176/475] 03-Python-零基础入门学习Python-最新版\018-【Python教程】《零基础入门学习Python》最新版（完结撒花🎉） p18 了不起的分支和循环（IV）.mp4
[22:46:52]     FAIL rc=1 (56s)  UnicodeEncodeError: 'gbk' codec can't encode character '\U0001f389' in position 79: illegal multibyte sequence
[22:46:52] [177/475] 03-Python-零基础入门学习Python-最新版\019-【Python教程】《零基础入门学习Python》最新版（完结撒花🎉） p19 了不起的分支和循环（V）.mp4
[22:47:36]     FAIL rc=1 (45s)  UnicodeEncodeError: 'gbk' codec can't encode character '\U0001f389' in position 79: illegal multibyte sequence
[22:47:36] [178/475] 03-Python-零基础入门学习Python-最新版\020-【Python教程】《零基础入门学习Python》最新版（完结撒花🎉） p20 列表（I）.mp4
[22:48:21]     FAIL rc=1 (45s)  UnicodeEncodeError: 'gbk' codec can't encode character '\U0001f389' in position 79: illegal multibyte sequence
[22:48:21] [179/475] 03-Python-零基础入门学习Python-最新版\021-【Python教程】《零基础入门学习Python》最新版（完结撒花🎉） p21 列表（II）.mp4
[22:49:01]     FAIL rc=1 (41s)  UnicodeEncodeError: 'gbk' codec can't encode character '\U0001f389' in position 79: illegal multibyte sequence
[22:49:01] [180/475] 03-Python-零基础入门学习Python-最新版\022-【Python教程】《零基础入门学习Python》最新版（完结撒花🎉） p22 列表（III）.mp4
[22:49:47]     FAIL rc=1 (45s)  UnicodeEncodeError: 'gbk' codec can't encode character '\U0001f389' in position 79: illegal multibyte sequence
[22:49:47] [181/475] 03-Python-零基础入门学习Python-最新版\023-【Python教程】《零基础入门学习Python》最新版（完结撒花🎉） p23 列表（IV）.mp4
[22:50:46]     FAIL rc=1 (59s)  UnicodeEncodeError: 'gbk' codec can't encode character '\U0001f389' in position 79: illegal multibyte sequence
[22:50:46] [182/475] 03-Python-零基础入门学习Python-最新版\024-【Python教程】《零基础入门学习Python》最新版（完结撒花🎉） p24 列表（V）.mp4
[22:51:29]     FAIL rc=1 (43s)  UnicodeEncodeError: 'gbk' codec can't encode character '\U0001f389' in position 79: illegal multibyte sequence
[22:51:29] [183/475] 03-Python-零基础入门学习Python-最新版\025-【Python教程】《零基础入门学习Python》最新版（完结撒花🎉） p25 列表（VI）.mp4
[22:52:18]     FAIL rc=1 (49s)  UnicodeEncodeError: 'gbk' codec can't encode character '\U0001f389' in position 79: illegal multibyte sequence
[22:52:18] [184/475] 03-Python-零基础入门学习Python-最新版\026-【Python教程】《零基础入门学习Python》最新版（完结撒花🎉） p26 列表（VII）.mp4
[22:53:12]     FAIL rc=1 (54s)  UnicodeEncodeError: 'gbk' codec can't encode character '\U0001f389' in position 79: illegal multibyte sequence
[22:53:12] [185/475] 03-Python-零基础入门学习Python-最新版\027-【Python教程】《零基础入门学习Python》最新版（完结撒花🎉） p27 元组.mp4
[22:54:05]     FAIL rc=1 (53s)  UnicodeEncodeError: 'gbk' codec can't encode character '\U0001f389' in position 79: illegal multibyte sequence
[22:54:05] [186/475] 03-Python-零基础入门学习Python-最新版\028-【Python教程】《零基础入门学习Python》最新版（完结撒花🎉） p28 字符串（I）.mp4
[22:54:50]     FAIL rc=1 (45s)  UnicodeEncodeError: 'gbk' codec can't encode character '\U0001f389' in position 79: illegal multibyte sequence
[22:54:50] [187/475] 03-Python-零基础入门学习Python-最新版\029-【Python教程】《零基础入门学习Python》最新版（完结撒花🎉） p29 字符串（II）.mp4
[22:55:41]     FAIL rc=1 (50s)  UnicodeEncodeError: 'gbk' codec can't encode character '\U0001f389' in position 79: illegal multibyte sequence
[22:55:41] [188/475] 03-Python-零基础入门学习Python-最新版\030-【Python教程】《零基础入门学习Python》最新版（完结撒花🎉） p30 字符串（III）.mp4
[22:56:40]     FAIL rc=1 (59s)  UnicodeEncodeError: 'gbk' codec can't encode character '\U0001f389' in position 79: illegal multibyte sequence
[22:56:40] [189/475] 03-Python-零基础入门学习Python-最新版\031-【Python教程】《零基础入门学习Python》最新版（完结撒花🎉） p31 字符串（IV）.mp4
[22:57:48]     FAIL rc=1 (68s)  UnicodeEncodeError: 'gbk' codec can't encode character '\U0001f389' in position 79: illegal multibyte sequence
[22:57:48] [190/475] 03-Python-零基础入门学习Python-最新版\032-【Python教程】《零基础入门学习Python》最新版（完结撒花🎉） p32 字符串（V）.mp4
[22:58:40]     FAIL rc=1 (53s)  UnicodeEncodeError: 'gbk' codec can't encode character '\U0001f389' in position 79: illegal multibyte sequence
[22:58:40] [191/475] 03-Python-零基础入门学习Python-最新版\033-【Python教程】《零基础入门学习Python》最新版（完结撒花🎉） p33 字符串（VI）.mp4
[22:59:59]     FAIL rc=1 (78s)  UnicodeEncodeError: 'gbk' codec can't encode character '\U0001f389' in position 79: illegal multibyte sequence
[22:59:59] [192/475] 03-Python-零基础入门学习Python-最新版\034-【Python教程】《零基础入门学习Python》最新版（完结撒花🎉） p34 序列（上）.mp4
[23:00:59]     FAIL rc=1 (60s)  UnicodeEncodeError: 'gbk' codec can't encode character '\U0001f389' in position 79: illegal multibyte sequence
[23:00:59] [193/475] 03-Python-零基础入门学习Python-最新版\035-【Python教程】《零基础入门学习Python》最新版（完结撒花🎉） p35 序列（中）.mp4
[23:02:07]     FAIL rc=1 (68s)  UnicodeEncodeError: 'gbk' codec can't encode character '\U0001f389' in position 79: illegal multibyte sequence
[23:02:07] [194/475] 03-Python-零基础入门学习Python-最新版\036-【Python教程】《零基础入门学习Python》最新版（完结撒花🎉） p36 序列（下）.mp4
[23:03:39]     FAIL rc=1 (92s)  UnicodeEncodeError: 'gbk' codec can't encode character '\U0001f389' in position 79: illegal multibyte sequence
[23:03:39] [195/475] 03-Python-零基础入门学习Python-最新版\037-【Python教程】《零基础入门学习Python》最新版（完结撒花🎉） p37 字典（上）.mp4
[23:04:32]     FAIL rc=1 (53s)  UnicodeEncodeError: 'gbk' codec can't encode character '\U0001f389' in position 79: illegal multibyte sequence
[23:04:32] [196/475] 03-Python-零基础入门学习Python-最新版\038-【Python教程】《零基础入门学习Python》最新版（完结撒花🎉） p38 字典（中）.mp4
[23:05:45]     FAIL rc=1 (73s)  UnicodeEncodeError: 'gbk' codec can't encode character '\U0001f389' in position 79: illegal multibyte sequence
[23:05:45] [197/475] 03-Python-零基础入门学习Python-最新版\039-【Python教程】《零基础入门学习Python》最新版（完结撒花🎉） p39 字典（下）.mp4
[23:06:54]     FAIL rc=1 (69s)  UnicodeEncodeError: 'gbk' codec can't encode character '\U0001f389' in position 79: illegal multibyte sequence
[23:06:54] [198/475] 03-Python-零基础入门学习Python-最新版\040-【Python教程】《零基础入门学习Python》最新版（完结撒花🎉） p40 集合（上）.mp4
[23:08:01]     FAIL rc=1 (67s)  UnicodeEncodeError: 'gbk' codec can't encode character '\U0001f389' in position 79: illegal multibyte sequence
[23:08:01] [199/475] 03-Python-零基础入门学习Python-最新版\041-【Python教程】《零基础入门学习Python》最新版（完结撒花🎉） p41 集合（下）.mp4
[23:09:15]     FAIL rc=1 (73s)  UnicodeEncodeError: 'gbk' codec can't encode character '\U0001f389' in position 79: illegal multibyte sequence
[23:09:15] [200/475] 03-Python-零基础入门学习Python-最新版\042-【Python教程】《零基础入门学习Python》最新版（完结撒花🎉） p42 函数（I）.mp4
[23:10:14]     FAIL rc=1 (59s)  UnicodeEncodeError: 'gbk' codec can't encode character '\U0001f389' in position 79: illegal multibyte sequence
[23:10:14] [201/475] 03-Python-零基础入门学习Python-最新版\043-【Python教程】《零基础入门学习Python》最新版（完结撒花🎉） p43 函数（II）.mp4
[23:11:13]     FAIL rc=1 (59s)  UnicodeEncodeError: 'gbk' codec can't encode character '\U0001f389' in position 79: illegal multibyte sequence
[23:11:13] [202/475] 03-Python-零基础入门学习Python-最新版\044-【Python教程】《零基础入门学习Python》最新版（完结撒花🎉） p44 函数（III）.mp4
[23:12:19]     FAIL rc=1 (67s)  UnicodeEncodeError: 'gbk' codec can't encode character '\U0001f389' in position 79: illegal multibyte sequence
[23:12:19] [203/475] 03-Python-零基础入门学习Python-最新版\045-【Python教程】《零基础入门学习Python》最新版（完结撒花🎉） p45 函数（IV）.mp4
[23:13:27]     FAIL rc=1 (67s)  UnicodeEncodeError: 'gbk' codec can't encode character '\U0001f389' in position 79: illegal multibyte sequence
[23:13:27] [204/475] 03-Python-零基础入门学习Python-最新版\046-【Python教程】《零基础入门学习Python》最新版（完结撒花🎉） p46 闭包 -- 函数（V）.mp4
[23:14:54]     FAIL rc=1 (87s)  UnicodeEncodeError: 'gbk' codec can't encode character '\U0001f389' in position 79: illegal multibyte sequence
[23:14:54] [205/475] 03-Python-零基础入门学习Python-最新版\047-【Python教程】《零基础入门学习Python》最新版（完结撒花🎉） p47 装饰器 -- 函数（VI）.mp4
[23:16:19]     FAIL rc=1 (86s)  UnicodeEncodeError: 'gbk' codec can't encode character '\U0001f389' in position 79: illegal multibyte sequence
[23:16:19] [206/475] 03-Python-零基础入门学习Python-最新版\048-【Python教程】《零基础入门学习Python》最新版（完结撒花🎉） p48 lambda表达式 -- 函数（VII）.mp4
[23:17:19]     FAIL rc=1 (59s)  UnicodeEncodeError: 'gbk' codec can't encode character '\U0001f389' in position 79: illegal multibyte sequence
[23:17:19] [207/475] 03-Python-零基础入门学习Python-最新版\049-【Python教程】《零基础入门学习Python》最新版（完结撒花🎉） p49 生成器 -- 函数（VIII）.mp4
[23:18:09]     FAIL rc=1 (51s)  UnicodeEncodeError: 'gbk' codec can't encode character '\U0001f389' in position 79: illegal multibyte sequence
[23:18:09] [208/475] 03-Python-零基础入门学习Python-最新版\050-【Python教程】《零基础入门学习Python》最新版（完结撒花🎉） p50 递归 -- 函数（IX）.mp4
[23:19:21]     FAIL rc=1 (72s)  UnicodeEncodeError: 'gbk' codec can't encode character '\U0001f389' in position 79: illegal multibyte sequence
[23:19:21] [209/475] 03-Python-零基础入门学习Python-最新版\051-【Python教程】《零基础入门学习Python》最新版（完结撒花🎉） p51 汉诺塔 -- 函数（X）.mp4
[23:20:28]     FAIL rc=1 (67s)  UnicodeEncodeError: 'gbk' codec can't encode character '\U0001f389' in position 79: illegal multibyte sequence
[23:20:28] [210/475] 03-Python-零基础入门学习Python-最新版\052-【Python教程】《零基础入门学习Python》最新版（完结撒花🎉） p52 函数文档、类型注释、内省 -- 函数（XI）.mp4
[23:21:37]     FAIL rc=1 (69s)  UnicodeEncodeError: 'gbk' codec can't encode character '\U0001f389' in position 79: illegal multibyte sequence
[23:21:37] [211/475] 03-Python-零基础入门学习Python-最新版\053-【Python教程】《零基础入门学习Python》最新版（完结撒花🎉） p53 高阶函数 -- 函数（XII）.mp4
[23:22:43]     FAIL rc=1 (66s)  UnicodeEncodeError: 'gbk' codec can't encode character '\U0001f389' in position 79: illegal multibyte sequence
[23:22:43] [212/475] 03-Python-零基础入门学习Python-最新版\054-【Python教程】《零基础入门学习Python》最新版（完结撒花🎉） p54 永久存储（上）.mp4
[23:23:53]     FAIL rc=1 (69s)  UnicodeEncodeError: 'gbk' codec can't encode character '\U0001f389' in position 79: illegal multibyte sequence
[23:23:53] [213/475] 03-Python-零基础入门学习Python-最新版\055-【Python教程】《零基础入门学习Python》最新版（完结撒花🎉） p55 永久存储（中）.mp4
[23:25:22]     FAIL rc=1 (89s)  UnicodeEncodeError: 'gbk' codec can't encode character '\U0001f389' in position 79: illegal multibyte sequence
[23:25:22] [214/475] 03-Python-零基础入门学习Python-最新版\056-【Python教程】《零基础入门学习Python》最新版（完结撒花🎉） p56 永久存储（下）.mp4
[23:26:14]     FAIL rc=1 (52s)  UnicodeEncodeError: 'gbk' codec can't encode character '\U0001f389' in position 79: illegal multibyte sequence
[23:26:14] [215/475] 03-Python-零基础入门学习Python-最新版\057-【Python教程】《零基础入门学习Python》最新版（完结撒花🎉） p57 异常（上）.mp4
[23:27:06]     FAIL rc=1 (52s)  UnicodeEncodeError: 'gbk' codec can't encode character '\U0001f389' in position 79: illegal multibyte sequence
[23:27:06] [216/475] 03-Python-零基础入门学习Python-最新版\058-【Python教程】《零基础入门学习Python》最新版（完结撒花🎉） p58 异常（下）.mp4
[23:28:01]     FAIL rc=1 (55s)  UnicodeEncodeError: 'gbk' codec can't encode character '\U0001f389' in position 79: illegal multibyte sequence
[23:28:01] [217/475] 03-Python-零基础入门学习Python-最新版\059-【Python教程】《零基础入门学习Python》最新版（完结撒花🎉） p59 是时候让大家拥有对象了 -- 类和对象（I）.mp4
[23:28:57]     FAIL rc=1 (57s)  UnicodeEncodeError: 'gbk' codec can't encode character '\U0001f389' in position 79: illegal multibyte sequence
[23:28:57] [218/475] 03-Python-零基础入门学习Python-最新版\060-【Python教程】《零基础入门学习Python》最新版（完结撒花🎉） p60 继承、多重继承、组合 -- 类和对象（II）.mp4
[23:29:48]     FAIL rc=1 (51s)  UnicodeEncodeError: 'gbk' codec can't encode character '\U0001f389' in position 79: illegal multibyte sequence
[23:29:48] [219/475] 03-Python-零基础入门学习Python-最新版\061-【Python教程】《零基础入门学习Python》最新版（完结撒花🎉） p61 绑定 -- 类和对象（III）.mp4
[23:30:45]     FAIL rc=1 (57s)  UnicodeEncodeError: 'gbk' codec can't encode character '\U0001f389' in position 79: illegal multibyte sequence
[23:30:45] [220/475] 03-Python-零基础入门学习Python-最新版\062-【Python教程】《零基础入门学习Python》最新版（完结撒花🎉） p62 构造函数、重写、钻石继承 -- 类和对象（IV）.mp4
[23:31:49]     FAIL rc=1 (64s)  UnicodeEncodeError: 'gbk' codec can't encode character '\U0001f389' in position 79: illegal multibyte sequence
[23:31:49] [221/475] 03-Python-零基础入门学习Python-最新版\063-【Python教程】《零基础入门学习Python》最新版（完结撒花🎉） p63 Mixin及案例源码剖析 -- 类和对象（V）.mp4
[23:32:39]     FAIL rc=1 (50s)  UnicodeEncodeError: 'gbk' codec can't encode character '\U0001f389' in position 79: illegal multibyte sequence
[23:32:39] [222/475] 03-Python-零基础入门学习Python-最新版\064-【Python教程】《零基础入门学习Python》最新版（完结撒花🎉） p64 多态和鸭子类型 -- 类和对象（VI）.mp4
[23:33:49]     FAIL rc=1 (70s)  UnicodeEncodeError: 'gbk' codec can't encode character '\U0001f389' in position 79: illegal multibyte sequence
[23:33:49] [223/475] 03-Python-零基础入门学习Python-最新版\065-【Python教程】《零基础入门学习Python》最新版（完结撒花🎉） p65 私有变量和__slots__ -- 类和对象（VII）.mp4
[23:35:05]     FAIL rc=1 (76s)  UnicodeEncodeError: 'gbk' codec can't encode character '\U0001f389' in position 79: illegal multibyte sequence
[23:35:05] [224/475] 03-Python-零基础入门学习Python-最新版\066-【Python教程】《零基础入门学习Python》最新版（完结撒花🎉） p66 原来Python懂魔法 -- 类和对象（VIII）.mp4
[23:36:35]     FAIL rc=1 (90s)  UnicodeEncodeError: 'gbk' codec can't encode character '\U0001f389' in position 79: illegal multibyte sequence
[23:36:35] [225/475] 03-Python-零基础入门学习Python-最新版\067-【Python教程】《零基础入门学习Python》最新版（完结撒花🎉） p67 运算相关的魔法方法（上）-- 类和对象（IX）.mp4
[23:37:45]     FAIL rc=1 (70s)  UnicodeEncodeError: 'gbk' codec can't encode character '\U0001f389' in position 79: illegal multibyte sequence
[23:37:45] [226/475] 03-Python-零基础入门学习Python-最新版\068-【Python教程】《零基础入门学习Python》最新版（完结撒花🎉） p68 运算相关的魔法方法（下）-- 类和对象（X）.mp4
[23:39:01]     FAIL rc=1 (76s)  UnicodeEncodeError: 'gbk' codec can't encode character '\U0001f389' in position 79: illegal multibyte sequence
[23:39:01] [227/475] 03-Python-零基础入门学习Python-最新版\069-【Python教程】《零基础入门学习Python》最新版（完结撒花🎉） p69 属性访问相关的魔法方法 -- 类和对象（XI）.mp4
[23:39:53]     FAIL rc=1 (53s)  UnicodeEncodeError: 'gbk' codec can't encode character '\U0001f389' in position 79: illegal multibyte sequence
[23:39:53] [228/475] 03-Python-零基础入门学习Python-最新版\070-【Python教程】《零基础入门学习Python》最新版（完结撒花🎉） p70 索引、切片、迭代协议 -- 类和对象（XII）.mp4
[23:40:49]     FAIL rc=1 (56s)  UnicodeEncodeError: 'gbk' codec can't encode character '\U0001f389' in position 79: illegal multibyte sequence
[23:40:49] [229/475] 03-Python-零基础入门学习Python-最新版\071-【Python教程】《零基础入门学习Python》最新版（完结撒花🎉） p71 代偿 -- 类和对象（XIII）.mp4
[23:41:43]     FAIL rc=1 (54s)  UnicodeEncodeError: 'gbk' codec can't encode character '\U0001f389' in position 79: illegal multibyte sequence
[23:41:43] [230/475] 03-Python-零基础入门学习Python-最新版\072-【Python教程】《零基础入门学习Python》最新版（完结撒花🎉） p72 对象调用相关的魔法方法 -- 类和对象（XIV）.mp4
[23:42:34]     FAIL rc=1 (51s)  UnicodeEncodeError: 'gbk' codec can't encode character '\U0001f389' in position 79: illegal multibyte sequence
[23:42:34] [231/475] 03-Python-零基础入门学习Python-最新版\073-【Python教程】《零基础入门学习Python》最新版（完结撒花🎉） p73 property() -- 类和对象（XV）.mp4
[23:43:22]     FAIL rc=1 (48s)  UnicodeEncodeError: 'gbk' codec can't encode character '\U0001f389' in position 79: illegal multibyte sequence
[23:43:22] [232/475] 03-Python-零基础入门学习Python-最新版\074-【Python教程】《零基础入门学习Python》最新版（完结撒花🎉） p74 类方法和静态方法 -- 类和对象（XVI）.mp4
[23:44:17]     FAIL rc=1 (55s)  UnicodeEncodeError: 'gbk' codec can't encode character '\U0001f389' in position 79: illegal multibyte sequence
[23:44:17] [233/475] 03-Python-零基础入门学习Python-最新版\075-【Python教程】《零基础入门学习Python》最新版（完结撒花🎉） p75 【困难预警，选修】描述符及property()实现原理 -- 类和对象（XVII）.mp4
[23:45:19]     FAIL rc=1 (61s)  UnicodeEncodeError: 'gbk' codec can't encode character '\U0001f389' in position 79: illegal multibyte sequence
[23:45:19] [234/475] 03-Python-零基础入门学习Python-最新版\076-【Python教程】《零基础入门学习Python》最新版（完结撒花🎉） p76 【困难预警，选修】数据描述符、非数据描述符、优雅编程 -- 类和对象（XVIII）.mp4
[23:46:21]     FAIL rc=1 (63s)  UnicodeEncodeError: 'gbk' codec can't encode character '\U0001f389' in position 79: illegal multibyte sequence
[23:46:21] [235/475] 03-Python-零基础入门学习Python-最新版\077-【Python教程】《零基础入门学习Python》最新版（完结撒花🎉） p77 【困难预警，选修】函数、方法、静态方法、类方法的底层实现原理 -- 类和对象（XIX）.mp4
[23:47:31]     FAIL rc=1 (70s)  UnicodeEncodeError: 'gbk' codec can't encode character '\U0001f389' in position 79: illegal multibyte sequence
[23:47:31] [236/475] 03-Python-零基础入门学习Python-最新版\078-【Python教程】《零基础入门学习Python》最新版（完结撒花🎉） p78 【困难预警，选修】类装饰器 -- 类和对象（XX）.mp4
[23:48:44]     FAIL rc=1 (73s)  UnicodeEncodeError: 'gbk' codec can't encode character '\U0001f389' in position 79: illegal multibyte sequence
[23:48:44] [237/475] 03-Python-零基础入门学习Python-最新版\079-【Python教程】《零基础入门学习Python》最新版（完结撒花🎉） p79 type()函数和__init_subclass__ -- 类和对象（XXI）.mp4
[23:49:57]     FAIL rc=1 (73s)  UnicodeEncodeError: 'gbk' codec can't encode character '\U0001f389' in position 79: illegal multibyte sequence
[23:49:57] [238/475] 03-Python-零基础入门学习Python-最新版\080-【Python教程】《零基础入门学习Python》最新版（完结撒花🎉） p80 元类 -- 类和对象（XXII）.mp4
[23:50:55]     FAIL rc=1 (58s)  UnicodeEncodeError: 'gbk' codec can't encode character '\U0001f389' in position 79: illegal multibyte sequence
[23:50:55] [239/475] 03-Python-零基础入门学习Python-最新版\081-【Python教程】《零基础入门学习Python》最新版（完结撒花🎉） p81 元类的应用 -- 类和对象（XXIII）.mp4
[23:52:06]     FAIL rc=1 (71s)  UnicodeEncodeError: 'gbk' codec can't encode character '\U0001f389' in position 79: illegal multibyte sequence
[23:52:06] [240/475] 03-Python-零基础入门学习Python-最新版\082-【Python教程】《零基础入门学习Python》最新版（完结撒花🎉） p82 抽象基类 -- 类和对象（XXIV）.mp4
[23:53:10]     FAIL rc=1 (65s)  UnicodeEncodeError: 'gbk' codec can't encode character '\U0001f389' in position 79: illegal multibyte sequence
[23:53:10] [241/475] 03-Python-零基础入门学习Python-最新版\083-【Python教程】《零基础入门学习Python》最新版（完结撒花🎉） p83 死磕成就非凡 -- 类和对象（XXV）.mp4
[23:54:01]     FAIL rc=1 (51s)  UnicodeEncodeError: 'gbk' codec can't encode character '\U0001f389' in position 79: illegal multibyte sequence
[23:54:01] [242/475] 03-Python-零基础入门学习Python-最新版\084-【Python教程】《零基础入门学习Python》最新版（完结撒花🎉） p84 模块和包（上）.mp4
[23:55:01]     FAIL rc=1 (60s)  UnicodeEncodeError: 'gbk' codec can't encode character '\U0001f389' in position 79: illegal multibyte sequence
[23:55:01] [243/475] 03-Python-零基础入门学习Python-最新版\085-【Python教程】《零基础入门学习Python》最新版（完结撒花🎉） p85 模块和包（中）.mp4
[23:56:21]     FAIL rc=1 (80s)  UnicodeEncodeError: 'gbk' codec can't encode character '\U0001f389' in position 79: illegal multibyte sequence
[23:56:21] [244/475] 03-Python-零基础入门学习Python-最新版\086-【Python教程】《零基础入门学习Python》最新版（完结撒花🎉） p86 模块和包（下）.mp4
[23:57:20]     FAIL rc=1 (60s)  UnicodeEncodeError: 'gbk' codec can't encode character '\U0001f389' in position 79: illegal multibyte sequence
[23:57:20] [245/475] 04-Python-零基础入门学习Python-第一版\001-【Python教程】《零基础入门学习Python》 p01 愉快的开始.mp4
[23:59:14]     OK  (113s)  OK F:\小甲鱼\文字稿\04-Python-零基础入门学习Python-第一版\001-【Python教程】《零基础入门学习Python》 p01 愉快的开始.md 509
[23:59:14] [246/475] 04-Python-零基础入门学习Python-第一版\002-【Python教程】《零基础入门学习Python》 p02 我和Python的第一次亲密接触.mp4
[00:00:32]     EXC AttributeError: 'NoneType' object has no attribute 'strip'
[00:00:32] [247/475] 04-Python-零基础入门学习Python-第一版\003-【Python教程】《零基础入门学习Python》 p03 用Python设计第一个游戏.mp4
[00:14:28] total=317  todo=317
[00:14:28] [1/317] 02-C语言-数据结构和算法\01-C语言描述\033-【C语言描述】《数据结构和算法》 p33 递归和分治思想2.mp4
[00:16:03]     EXC AttributeError: 'NoneType' object has no attribute 'strip'
[00:16:03] [2/317] 03-Python-零基础入门学习Python-最新版\001-【Python教程】《零基础入门学习Python》最新版（完结撒花🎉） p01 序章.mp4
[00:16:44]     EXC AttributeError: 'NoneType' object has no attribute 'strip'
[00:16:44] [3/317] 03-Python-零基础入门学习Python-最新版\002-【Python教程】《零基础入门学习Python》最新版（完结撒花🎉） p02 环境搭建和课程介绍.mp4
[00:17:37]     EXC AttributeError: 'NoneType' object has no attribute 'strip'
[00:17:37] [4/317] 03-Python-零基础入门学习Python-最新版\003-【Python教程】《零基础入门学习Python》最新版（完结撒花🎉） p03 用Python设计第一个游戏.mp4
[00:18:22]     EXC AttributeError: 'NoneType' object has no attribute 'strip'
[00:18:22] [5/317] 03-Python-零基础入门学习Python-最新版\004-【Python教程】《零基础入门学习Python》最新版（完结撒花🎉） p04 变量和字符串（上）.mp4
[00:19:24]     EXC AttributeError: 'NoneType' object has no attribute 'strip'
[00:19:24] [6/317] 03-Python-零基础入门学习Python-最新版\005-【Python教程】《零基础入门学习Python》最新版（完结撒花🎉） p05 变量和字符串（下）.mp4
[00:20:15]     EXC AttributeError: 'NoneType' object has no attribute 'strip'
[00:20:15] [7/317] 03-Python-零基础入门学习Python-最新版\006-【Python教程】《零基础入门学习Python》最新版（完结撒花🎉） p06 是时候讲讲代码了.mp4
[00:21:02]     EXC AttributeError: 'NoneType' object has no attribute 'strip'
[00:21:02] [8/317] 03-Python-零基础入门学习Python-最新版\007-【Python教程】《零基础入门学习Python》最新版（完结撒花🎉） p07 改进我们的小游戏（上）.mp4
[00:22:15]     EXC AttributeError: 'NoneType' object has no attribute 'strip'
[00:22:15] [9/317] 03-Python-零基础入门学习Python-最新版\008-【Python教程】《零基础入门学习Python》最新版（完结撒花🎉） p08 改进我们的小游戏（下）.mp4
[00:23:16]     EXC AttributeError: 'NoneType' object has no attribute 'strip'
[00:23:16] [10/317] 03-Python-零基础入门学习Python-最新版\009-【Python教程】《零基础入门学习Python》最新版（完结撒花🎉） p09 数字类型（上）.mp4
[00:24:14]     EXC AttributeError: 'NoneType' object has no attribute 'strip'
[00:24:14] [11/317] 03-Python-零基础入门学习Python-最新版\010-【Python教程】《零基础入门学习Python》最新版（完结撒花🎉） p10 数字类型（下）.mp4
[00:25:32]     EXC AttributeError: 'NoneType' object has no attribute 'strip'
[00:25:32] [12/317] 03-Python-零基础入门学习Python-最新版\011-【Python教程】《零基础入门学习Python》最新版（完结撒花🎉） p11 布尔类型.mp4
[00:26:51] total=317  todo=317
[00:26:51] [1/317] 02-C语言-数据结构和算法\01-C语言描述\033-【C语言描述】《数据结构和算法》 p33 递归和分治思想2.mp4
[00:28:39]     OK  (108s)  OK 文字稿\02-C语言-数据结构和算法\01-C语言描述\033-【C语言描述】《数据结构和算法》 p33 递归和分治思想2.md 563
[00:28:39] [2/317] 03-Python-零基础入门学习Python-最新版\001-【Python教程】《零基础入门学习Python》最新版（完结撒花🎉） p01 序章.mp4
[00:29:26]     OK  (47s)  OK 文字稿\03-Python-零基础入门学习Python-最新版\001-【Python教程】《零基础入门学习Python》最新版（完结撒花🎉） p01 序章.md 198
[00:29:26] [3/317] 03-Python-零基础入门学习Python-最新版\002-【Python教程】《零基础入门学习Python》最新版（完结撒花🎉） p02 环境搭建和课程介绍.mp4
[00:30:27]     OK  (61s)  OK 文字稿\03-Python-零基础入门学习Python-最新版\002-【Python教程】《零基础入门学习Python》最新版（完结撒花🎉） p02 环境搭建和课程介绍.md 275
[00:30:27] [4/317] 03-Python-零基础入门学习Python-最新版\003-【Python教程】《零基础入门学习Python》最新版（完结撒花🎉） p03 用Python设计第一个游戏.mp4
[16:51:01] [shard 0/3] total=314  todo=105
[16:51:03] [shard 1/3] total=314  todo=105
[16:51:05] [shard 2/3] total=314  todo=104
[16:52:50] [shard 0/3] total=314  todo=105
[16:52:50] [1/105] 03-Python-零基础入门学习Python-最新版\003-【Python教程】《零基础入门学习Python》最新版（完结撒花🎉） p03 用Python设计第一个游戏.mp4
[16:52:50] [shard 1/3] total=314  todo=105
[16:52:50] [1/105] 03-Python-零基础入门学习Python-最新版\004-【Python教程】《零基础入门学习Python》最新版（完结撒花🎉） p04 变量和字符串（上）.mp4
[16:52:50] [shard 2/3] total=314  todo=104
[16:52:50] [1/104] 03-Python-零基础入门学习Python-最新版\005-【Python教程】《零基础入门学习Python》最新版（完结撒花🎉） p05 变量和字符串（下）.mp4
[16:54:56]     OK  (126s)  OK 文字稿\03-Python-零基础入门学习Python-最新版\003-【Python教程】《零基础入门学习Python》最新版（完结撒花🎉） p03 用Python设计第一个游戏.md 199
[16:54:56] [2/105] 03-Python-零基础入门学习Python-最新版\006-【Python教程】《零基础入门学习Python》最新版（完结撒花🎉） p06 是时候讲讲代码了.mp4
[16:55:09]     OK  (139s)  OK 文字稿\03-Python-零基础入门学习Python-最新版\005-【Python教程】《零基础入门学习Python》最新版（完结撒花🎉） p05 变量和字符串（下）.md 290
[16:55:09] [2/104] 03-Python-零基础入门学习Python-最新版\008-【Python教程】《零基础入门学习Python》最新版（完结撒花🎉） p08 改进我们的小游戏（下）.mp4
[16:55:25]     OK  (155s)  OK 文字稿\03-Python-零基础入门学习Python-最新版\004-【Python教程】《零基础入门学习Python》最新版（完结撒花🎉） p04 变量和字符串（上）.md 420
[16:55:25] [2/105] 03-Python-零基础入门学习Python-最新版\007-【Python教程】《零基础入门学习Python》最新版（完结撒花🎉） p07 改进我们的小游戏（上）.mp4
[16:56:42]     OK  (107s)  OK 文字稿\03-Python-零基础入门学习Python-最新版\006-【Python教程】《零基础入门学习Python》最新版（完结撒花🎉） p06 是时候讲讲代码了.md 227
[16:56:42] [3/105] 03-Python-零基础入门学习Python-最新版\009-【Python教程】《零基础入门学习Python》最新版（完结撒花🎉） p09 数字类型（上）.mp4
[16:56:51]     OK  (102s)  OK 文字稿\03-Python-零基础入门学习Python-最新版\008-【Python教程】《零基础入门学习Python》最新版（完结撒花🎉） p08 改进我们的小游戏（下）.md 183
[16:56:51] [3/104] 03-Python-零基础入门学习Python-最新版\011-【Python教程】《零基础入门学习Python》最新版（完结撒花🎉） p11 布尔类型.mp4
[16:57:24]     OK  (119s)  OK 文字稿\03-Python-零基础入门学习Python-最新版\007-【Python教程】《零基础入门学习Python》最新版（完结撒花🎉） p07 改进我们的小游戏（上）.md 266
[16:57:24] [3/105] 03-Python-零基础入门学习Python-最新版\010-【Python教程】《零基础入门学习Python》最新版（完结撒花🎉） p10 数字类型（下）.mp4
[16:58:07]     OK  (85s)  OK 文字稿\03-Python-零基础入门学习Python-最新版\009-【Python教程】《零基础入门学习Python》最新版（完结撒花🎉） p09 数字类型（上）.md 165
[16:58:07] [4/105] 03-Python-零基础入门学习Python-最新版\012-【Python教程】《零基础入门学习Python》最新版（完结撒花🎉） p12 短路逻辑和运算符优先级.mp4
[16:58:38]     OK  (108s)  OK 文字稿\03-Python-零基础入门学习Python-最新版\011-【Python教程】《零基础入门学习Python》最新版（完结撒花🎉） p11 布尔类型.md 289
[16:58:38] [4/104] 03-Python-零基础入门学习Python-最新版\014-【Python教程】《零基础入门学习Python》最新版（完结撒花🎉） p14 谋定而后动，知止而有得（下）.mp4
[16:59:18]     OK  (114s)  OK 文字稿\03-Python-零基础入门学习Python-最新版\010-【Python教程】《零基础入门学习Python》最新版（完结撒花🎉） p10 数字类型（下）.md 354
[16:59:18] [4/105] 03-Python-零基础入门学习Python-最新版\013-【Python教程】《零基础入门学习Python》最新版（完结撒花🎉） p13 谋定而后动，知止而有得（上）.mp4
[16:59:44]     OK  (97s)  OK 文字稿\03-Python-零基础入门学习Python-最新版\012-【Python教程】《零基础入门学习Python》最新版（完结撒花🎉） p12 短路逻辑和运算符优先级.md 203
[16:59:44] [5/105] 03-Python-零基础入门学习Python-最新版\015-【Python教程】《零基础入门学习Python》最新版（完结撒花🎉） p15 了不起的分支和循环（I）.mp4
[16:59:58]     FAIL rc=4294967295 (14s)  ?
[16:59:58] [6/105] 03-Python-零基础入门学习Python-最新版\018-【Python教程】《零基础入门学习Python》最新版（完结撒花🎉） p18 了不起的分支和循环（IV）.mp4
[16:59:58]     FAIL rc=4294967295 (80s)  ?
[16:59:58] [5/104] 03-Python-零基础入门学习Python-最新版\017-【Python教程】《零基础入门学习Python》最新版（完结撒花🎉） p17 了不起的分支和循环（III）.mp4
[19:32:02] [shard 0/3] total=304  todo=102
[19:32:02] [1/102] 03-Python-零基础入门学习Python-最新版\013-【Python教程】《零基础入门学习Python》最新版（完结撒花🎉） p13 谋定而后动，知止而有得（上）.mp4
[19:32:02] [shard 1/3] total=304  todo=101
[19:32:02] [1/101] 03-Python-零基础入门学习Python-最新版\014-【Python教程】《零基础入门学习Python》最新版（完结撒花🎉） p14 谋定而后动，知止而有得（下）.mp4
[19:32:02] [shard 2/3] total=304  todo=101
[19:32:02] [1/101] 03-Python-零基础入门学习Python-最新版\015-【Python教程】《零基础入门学习Python》最新版（完结撒花🎉） p15 了不起的分支和循环（I）.mp4
[19:33:38]     OK  (96s)  OK 文字稿\03-Python-零基础入门学习Python-最新版\015-【Python教程】《零基础入门学习Python》最新版（完结撒花🎉） p15 了不起的分支和循环（I）.md 219
[19:33:38] [2/101] 03-Python-零基础入门学习Python-最新版\018-【Python教程】《零基础入门学习Python》最新版（完结撒花🎉） p18 了不起的分支和循环（IV）.mp4
[19:33:46]     OK  (104s)  OK 文字稿\03-Python-零基础入门学习Python-最新版\013-【Python教程】《零基础入门学习Python》最新版（完结撒花🎉） p13 谋定而后动，知止而有得（上）.md 199
[19:33:46] [2/102] 03-Python-零基础入门学习Python-最新版\016-【Python教程】《零基础入门学习Python》最新版（完结撒花🎉） p16 了不起的分支和循环（II）.mp4
[19:34:32]     OK  (150s)  OK 文字稿\03-Python-零基础入门学习Python-最新版\014-【Python教程】《零基础入门学习Python》最新版（完结撒花🎉） p14 谋定而后动，知止而有得（下）.md 467
[19:34:32] [2/101] 03-Python-零基础入门学习Python-最新版\017-【Python教程】《零基础入门学习Python》最新版（完结撒花🎉） p17 了不起的分支和循环（III）.mp4
[19:35:06]     OK  (80s)  OK 文字稿\03-Python-零基础入门学习Python-最新版\016-【Python教程】《零基础入门学习Python》最新版（完结撒花🎉） p16 了不起的分支和循环（II）.md 156
[19:35:06] [3/102] 03-Python-零基础入门学习Python-最新版\019-【Python教程】《零基础入门学习Python》最新版（完结撒花🎉） p19 了不起的分支和循环（V）.mp4
[19:35:31]     OK  (113s)  OK 文字稿\03-Python-零基础入门学习Python-最新版\018-【Python教程】《零基础入门学习Python》最新版（完结撒花🎉） p18 了不起的分支和循环（IV）.md 387
[19:35:31] [3/101] 03-Python-零基础入门学习Python-最新版\021-【Python教程】《零基础入门学习Python》最新版（完结撒花🎉） p21 列表（II）.mp4
[19:35:56]     OK  (83s)  OK 文字稿\03-Python-零基础入门学习Python-最新版\017-【Python教程】《零基础入门学习Python》最新版（完结撒花🎉） p17 了不起的分支和循环（III）.md 278
[19:35:56] [3/101] 03-Python-零基础入门学习Python-最新版\020-【Python教程】《零基础入门学习Python》最新版（完结撒花🎉） p20 列表（I）.mp4
[19:36:35]     OK  (90s)  OK 文字稿\03-Python-零基础入门学习Python-最新版\019-【Python教程】《零基础入门学习Python》最新版（完结撒花🎉） p19 了不起的分支和循环（V）.md 228
[19:36:35] [4/102] 03-Python-零基础入门学习Python-最新版\022-【Python教程】《零基础入门学习Python》最新版（完结撒花🎉） p22 列表（III）.mp4
[19:36:47]     OK  (76s)  OK 文字稿\03-Python-零基础入门学习Python-最新版\021-【Python教程】《零基础入门学习Python》最新版（完结撒花🎉） p21 列表（II）.md 214
[19:36:47] [4/101] 03-Python-零基础入门学习Python-最新版\024-【Python教程】《零基础入门学习Python》最新版（完结撒花🎉） p24 列表（V）.mp4
[19:37:24]     OK  (88s)  OK 文字稿\03-Python-零基础入门学习Python-最新版\020-【Python教程】《零基础入门学习Python》最新版（完结撒花🎉） p20 列表（I）.md 267
[19:37:24] [4/101] 03-Python-零基础入门学习Python-最新版\023-【Python教程】《零基础入门学习Python》最新版（完结撒花🎉） p23 列表（IV）.mp4
[19:38:07]     OK  (91s)  OK 文字稿\03-Python-零基础入门学习Python-最新版\022-【Python教程】《零基础入门学习Python》最新版（完结撒花🎉） p22 列表（III）.md 219
[19:38:07] [5/102] 03-Python-零基础入门学习Python-最新版\025-【Python教程】《零基础入门学习Python》最新版（完结撒花🎉） p25 列表（VI）.mp4
[19:38:11]     OK  (84s)  OK 文字稿\03-Python-零基础入门学习Python-最新版\024-【Python教程】《零基础入门学习Python》最新版（完结撒花🎉） p24 列表（V）.md 237
[19:38:11] [5/101] 03-Python-零基础入门学习Python-最新版\027-【Python教程】《零基础入门学习Python》最新版（完结撒花🎉） p27 元组.mp4
[19:39:35]     OK  (131s)  OK 文字稿\03-Python-零基础入门学习Python-最新版\023-【Python教程】《零基础入门学习Python》最新版（完结撒花🎉） p23 列表（IV）.md 375
[19:39:35] [5/101] 03-Python-零基础入门学习Python-最新版\026-【Python教程】《零基础入门学习Python》最新版（完结撒花🎉） p26 列表（VII）.mp4
[19:39:57]     OK  (111s)  OK 文字稿\03-Python-零基础入门学习Python-最新版\025-【Python教程】《零基础入门学习Python》最新版（完结撒花🎉） p25 列表（VI）.md 225
[19:39:57] [6/102] 03-Python-零基础入门学习Python-最新版\028-【Python教程】《零基础入门学习Python》最新版（完结撒花🎉） p28 字符串（I）.mp4
[19:40:08]     OK  (117s)  OK 文字稿\03-Python-零基础入门学习Python-最新版\027-【Python教程】《零基础入门学习Python》最新版（完结撒花🎉） p27 元组.md 287
[19:40:08] [6/101] 03-Python-零基础入门学习Python-最新版\030-【Python教程】《零基础入门学习Python》最新版（完结撒花🎉） p30 字符串（III）.mp4
[19:41:27]     OK  (112s)  OK 文字稿\03-Python-零基础入门学习Python-最新版\026-【Python教程】《零基础入门学习Python》最新版（完结撒花🎉） p26 列表（VII）.md 278
[19:41:27] [6/101] 03-Python-零基础入门学习Python-最新版\029-【Python教程】《零基础入门学习Python》最新版（完结撒花🎉） p29 字符串（II）.mp4
[19:41:33]     OK  (95s)  OK 文字稿\03-Python-零基础入门学习Python-最新版\028-【Python教程】《零基础入门学习Python》最新版（完结撒花🎉） p28 字符串（I）.md 192
[19:41:33] [7/102] 03-Python-零基础入门学习Python-最新版\031-【Python教程】《零基础入门学习Python》最新版（完结撒花🎉） p31 字符串（IV）.mp4
[19:42:10]     OK  (123s)  OK 文字稿\03-Python-零基础入门学习Python-最新版\030-【Python教程】《零基础入门学习Python》最新版（完结撒花🎉） p30 字符串（III）.md 352
[19:42:10] [7/101] 03-Python-零基础入门学习Python-最新版\033-【Python教程】《零基础入门学习Python》最新版（完结撒花🎉） p33 字符串（VI）.mp4
[19:43:12]     OK  (106s)  OK 文字稿\03-Python-零基础入门学习Python-最新版\029-【Python教程】《零基础入门学习Python》最新版（完结撒花🎉） p29 字符串（II）.md 213
[19:43:12] [7/101] 03-Python-零基础入门学习Python-最新版\032-【Python教程】《零基础入门学习Python》最新版（完结撒花🎉） p32 字符串（V）.mp4
[19:44:01]     OK  (149s)  OK 文字稿\03-Python-零基础入门学习Python-最新版\031-【Python教程】《零基础入门学习Python》最新版（完结撒花🎉） p31 字符串（IV）.md 401
[19:44:01] [8/102] 03-Python-零基础入门学习Python-最新版\034-【Python教程】《零基础入门学习Python》最新版（完结撒花🎉） p34 序列（上）.mp4
[19:44:46]     OK  (155s)  OK 文字稿\03-Python-零基础入门学习Python-最新版\033-【Python教程】《零基础入门学习Python》最新版（完结撒花🎉） p33 字符串（VI）.md 450
[19:44:46] [8/101] 03-Python-零基础入门学习Python-最新版\036-【Python教程】《零基础入门学习Python》最新版（完结撒花🎉） p36 序列（下）.mp4
[19:45:01]     OK  (108s)  OK 文字稿\03-Python-零基础入门学习Python-最新版\032-【Python教程】《零基础入门学习Python》最新版（完结撒花🎉） p32 字符串（V）.md 274
[19:45:01] [8/101] 03-Python-零基础入门学习Python-最新版\035-【Python教程】《零基础入门学习Python》最新版（完结撒花🎉） p35 序列（中）.mp4
[19:46:03]     OK  (121s)  OK 文字稿\03-Python-零基础入门学习Python-最新版\034-【Python教程】《零基础入门学习Python》最新版（完结撒花🎉） p34 序列（上）.md 314
[19:46:03] [9/102] 03-Python-零基础入门学习Python-最新版\037-【Python教程】《零基础入门学习Python》最新版（完结撒花🎉） p37 字典（上）.mp4
[19:47:27]     OK  (146s)  OK 文字稿\03-Python-零基础入门学习Python-最新版\035-【Python教程】《零基础入门学习Python》最新版（完结撒花🎉） p35 序列（中）.md 351
[19:47:27] [9/101] 03-Python-零基础入门学习Python-最新版\038-【Python教程】《零基础入门学习Python》最新版（完结撒花🎉） p38 字典（中）.mp4
[19:47:49]     OK  (106s)  OK 文字稿\03-Python-零基础入门学习Python-最新版\037-【Python教程】《零基础入门学习Python》最新版（完结撒花🎉） p37 字典（上）.md 230
[19:47:49] [10/102] 03-Python-零基础入门学习Python-最新版\040-【Python教程】《零基础入门学习Python》最新版（完结撒花🎉） p40 集合（上）.mp4
[19:47:53]     OK  (187s)  OK 文字稿\03-Python-零基础入门学习Python-最新版\036-【Python教程】《零基础入门学习Python》最新版（完结撒花🎉） p36 序列（下）.md 582
[19:47:53] [9/101] 03-Python-零基础入门学习Python-最新版\039-【Python教程】《零基础入门学习Python》最新版（完结撒花🎉） p39 字典（下）.mp4
[19:49:48]     OK  (141s)  OK 文字稿\03-Python-零基础入门学习Python-最新版\038-【Python教程】《零基础入门学习Python》最新版（完结撒花🎉） p38 字典（中）.md 500
[19:49:48] [10/101] 03-Python-零基础入门学习Python-最新版\041-【Python教程】《零基础入门学习Python》最新版（完结撒花🎉） p41 集合（下）.mp4
[19:49:57]     OK  (129s)  OK 文字稿\03-Python-零基础入门学习Python-最新版\040-【Python教程】《零基础入门学习Python》最新版（完结撒花🎉） p40 集合（上）.md 368
[19:49:57] [11/102] 03-Python-零基础入门学习Python-最新版\043-【Python教程】《零基础入门学习Python》最新版（完结撒花🎉） p43 函数（II）.mp4
[19:50:07]     OK  (134s)  OK 文字稿\03-Python-零基础入门学习Python-最新版\039-【Python教程】《零基础入门学习Python》最新版（完结撒花🎉） p39 字典（下）.md 323
[19:50:07] [10/101] 03-Python-零基础入门学习Python-最新版\042-【Python教程】《零基础入门学习Python》最新版（完结撒花🎉） p42 函数（I）.mp4
[19:51:57]     OK  (120s)  OK 文字稿\03-Python-零基础入门学习Python-最新版\043-【Python教程】《零基础入门学习Python》最新版（完结撒花🎉） p43 函数（II）.md 342
[19:51:57] [12/102] 03-Python-零基础入门学习Python-最新版\046-【Python教程】《零基础入门学习Python》最新版（完结撒花🎉） p46 闭包 -- 函数（V）.mp4
[19:52:08]     OK  (121s)  OK 文字稿\03-Python-零基础入门学习Python-最新版\042-【Python教程】《零基础入门学习Python》最新版（完结撒花🎉） p42 函数（I）.md 285
[19:52:08] [11/101] 03-Python-零基础入门学习Python-最新版\045-【Python教程】《零基础入门学习Python》最新版（完结撒花🎉） p45 函数（IV）.mp4
[19:52:11]     OK  (143s)  OK 文字稿\03-Python-零基础入门学习Python-最新版\041-【Python教程】《零基础入门学习Python》最新版（完结撒花🎉） p41 集合（下）.md 323
[19:52:11] [11/101] 03-Python-零基础入门学习Python-最新版\044-【Python教程】《零基础入门学习Python》最新版（完结撒花🎉） p44 函数（III）.mp4
[19:54:32]     OK  (144s)  OK 文字稿\03-Python-零基础入门学习Python-最新版\045-【Python教程】《零基础入门学习Python》最新版（完结撒花🎉） p45 函数（IV）.md 311
[19:54:32] [12/101] 03-Python-零基础入门学习Python-最新版\048-【Python教程】《零基础入门学习Python》最新版（完结撒花🎉） p48 lambda表达式 -- 函数（VII）.mp4
[19:54:33]     OK  (142s)  OK 文字稿\03-Python-零基础入门学习Python-最新版\044-【Python教程】《零基础入门学习Python》最新版（完结撒花🎉） p44 函数（III）.md 367
[19:54:33] [12/101] 03-Python-零基础入门学习Python-最新版\047-【Python教程】《零基础入门学习Python》最新版（完结撒花🎉） p47 装饰器 -- 函数（VI）.mp4
[19:54:39]     OK  (162s)  OK 文字稿\03-Python-零基础入门学习Python-最新版\046-【Python教程】《零基础入门学习Python》最新版（完结撒花🎉） p46 闭包 -- 函数（V）.md 493
[19:54:39] [13/102] 03-Python-零基础入门学习Python-最新版\049-【Python教程】《零基础入门学习Python》最新版（完结撒花🎉） p49 生成器 -- 函数（VIII）.mp4
[19:56:22]     OK  (102s)  OK 文字稿\03-Python-零基础入门学习Python-最新版\049-【Python教程】《零基础入门学习Python》最新版（完结撒花🎉） p49 生成器 -- 函数（VIII）.md 254
[19:56:22] [14/102] 03-Python-零基础入门学习Python-最新版\052-【Python教程】《零基础入门学习Python》最新版（完结撒花🎉） p52 函数文档、类型注释、内省 -- 函数（XI）.mp4
[19:56:26]     OK  (115s)  OK 文字稿\03-Python-零基础入门学习Python-最新版\048-【Python教程】《零基础入门学习Python》最新版（完结撒花🎉） p48 lambda表达式 -- 函数（VII）.md 293
[19:56:26] [13/101] 03-Python-零基础入门学习Python-最新版\051-【Python教程】《零基础入门学习Python》最新版（完结撒花🎉） p51 汉诺塔 -- 函数（X）.mp4
[19:57:28]     OK  (175s)  OK 文字稿\03-Python-零基础入门学习Python-最新版\047-【Python教程】《零基础入门学习Python》最新版（完结撒花🎉） p47 装饰器 -- 函数（VI）.md 508
[19:57:28] [13/101] 03-Python-零基础入门学习Python-最新版\050-【Python教程】《零基础入门学习Python》最新版（完结撒花🎉） p50 递归 -- 函数（IX）.mp4
[19:58:52]     OK  (150s)  OK 文字稿\03-Python-零基础入门学习Python-最新版\052-【Python教程】《零基础入门学习Python》最新版（完结撒花🎉） p52 函数文档、类型注释、内省 -- 函数（XI）.md 412
[19:58:52] [15/102] 03-Python-零基础入门学习Python-最新版\055-【Python教程】《零基础入门学习Python》最新版（完结撒花🎉） p55 永久存储（中）.mp4
[19:58:54]     OK  (147s)  OK 文字稿\03-Python-零基础入门学习Python-最新版\051-【Python教程】《零基础入门学习Python》最新版（完结撒花🎉） p51 汉诺塔 -- 函数（X）.md 274
[19:58:54] [14/101] 03-Python-零基础入门学习Python-最新版\054-【Python教程】《零基础入门学习Python》最新版（完结撒花🎉） p54 永久存储（上）.mp4
[19:59:56]     OK  (148s)  OK 文字稿\03-Python-零基础入门学习Python-最新版\050-【Python教程】《零基础入门学习Python》最新版（完结撒花🎉） p50 递归 -- 函数（IX）.md 427
[19:59:56] [14/101] 03-Python-零基础入门学习Python-最新版\053-【Python教程】《零基础入门学习Python》最新版（完结撒花🎉） p53 高阶函数 -- 函数（XII）.mp4
[20:01:31]     OK  (158s)  OK 文字稿\03-Python-零基础入门学习Python-最新版\054-【Python教程】《零基础入门学习Python》最新版（完结撒花🎉） p54 永久存储（上）.md 326
[20:01:31] [15/101] 03-Python-零基础入门学习Python-最新版\057-【Python教程】《零基础入门学习Python》最新版（完结撒花🎉） p57 异常（上）.mp4
[20:02:24]     OK  (148s)  OK 文字稿\03-Python-零基础入门学习Python-最新版\053-【Python教程】《零基础入门学习Python》最新版（完结撒花🎉） p53 高阶函数 -- 函数（XII）.md 365
[20:02:24] [15/101] 03-Python-零基础入门学习Python-最新版\056-【Python教程】《零基础入门学习Python》最新版（完结撒花🎉） p56 永久存储（下）.mp4
[20:02:25]     OK  (213s)  OK 文字稿\03-Python-零基础入门学习Python-最新版\055-【Python教程】《零基础入门学习Python》最新版（完结撒花🎉） p55 永久存储（中）.md 545
[20:02:25] [16/102] 03-Python-零基础入门学习Python-最新版\058-【Python教程】《零基础入门学习Python》最新版（完结撒花🎉） p58 异常（下）.mp4
[20:03:23]     OK  (111s)  OK 文字稿\03-Python-零基础入门学习Python-最新版\057-【Python教程】《零基础入门学习Python》最新版（完结撒花🎉） p57 异常（上）.md 281
[20:03:23] [16/101] 03-Python-零基础入门学习Python-最新版\060-【Python教程】《零基础入门学习Python》最新版（完结撒花🎉） p60 继承、多重继承、组合 -- 类和对象（II）.mp4
[20:04:32]     OK  (128s)  OK 文字稿\03-Python-零基础入门学习Python-最新版\056-【Python教程】《零基础入门学习Python》最新版（完结撒花🎉） p56 永久存储（下）.md 304
[20:04:32] [16/101] 03-Python-零基础入门学习Python-最新版\059-【Python教程】《零基础入门学习Python》最新版（完结撒花🎉） p59 是时候让大家拥有对象了 -- 类和对象（I）.mp4
[20:04:35]     OK  (131s)  OK 文字稿\03-Python-零基础入门学习Python-最新版\058-【Python教程】《零基础入门学习Python》最新版（完结撒花🎉） p58 异常（下）.md 359
[20:04:35] [17/102] 03-Python-零基础入门学习Python-最新版\061-【Python教程】《零基础入门学习Python》最新版（完结撒花🎉） p61 绑定 -- 类和对象（III）.mp4
[20:05:10]     OK  (107s)  OK 文字稿\03-Python-零基础入门学习Python-最新版\060-【Python教程】《零基础入门学习Python》最新版（完结撒花🎉） p60 继承、多重继承、组合 -- 类和对象（II）.md 301
[20:05:10] [17/101] 03-Python-零基础入门学习Python-最新版\063-【Python教程】《零基础入门学习Python》最新版（完结撒花🎉） p63 Mixin及案例源码剖析 -- 类和对象（V）.mp4
[20:06:48]     OK  (137s)  OK 文字稿\03-Python-零基础入门学习Python-最新版\059-【Python教程】《零基础入门学习Python》最新版（完结撒花🎉） p59 是时候让大家拥有对象了 -- 类和对象（I）.md 281
[20:06:48] [17/101] 03-Python-零基础入门学习Python-最新版\062-【Python教程】《零基础入门学习Python》最新版（完结撒花🎉） p62 构造函数、重写、钻石继承 -- 类和对象（IV）.mp4
[20:06:52]     OK  (137s)  OK 文字稿\03-Python-零基础入门学习Python-最新版\061-【Python教程】《零基础入门学习Python》最新版（完结撒花🎉） p61 绑定 -- 类和对象（III）.md 361
[20:06:52] [18/102] 03-Python-零基础入门学习Python-最新版\064-【Python教程】《零基础入门学习Python》最新版（完结撒花🎉） p64 多态和鸭子类型 -- 类和对象（VI）.mp4
[20:06:53]     OK  (102s)  OK 文字稿\03-Python-零基础入门学习Python-最新版\063-【Python教程】《零基础入门学习Python》最新版（完结撒花🎉） p63 Mixin及案例源码剖析 -- 类和对象（V）.md 218
[20:06:53] [18/101] 03-Python-零基础入门学习Python-最新版\066-【Python教程】《零基础入门学习Python》最新版（完结撒花🎉） p66 原来Python懂魔法 -- 类和对象（VIII）.mp4
[20:09:25]     OK  (153s)  OK 文字稿\03-Python-零基础入门学习Python-最新版\064-【Python教程】《零基础入门学习Python》最新版（完结撒花🎉） p64 多态和鸭子类型 -- 类和对象（VI）.md 454
[20:09:25] [19/102] 03-Python-零基础入门学习Python-最新版\067-【Python教程】《零基础入门学习Python》最新版（完结撒花🎉） p67 运算相关的魔法方法（上）-- 类和对象（IX）.mp4
[20:09:26]     OK  (157s)  OK 文字稿\03-Python-零基础入门学习Python-最新版\062-【Python教程】《零基础入门学习Python》最新版（完结撒花🎉） p62 构造函数、重写、钻石继承 -- 类和对象（IV）.md 419
[20:09:26] [18/101] 03-Python-零基础入门学习Python-最新版\065-【Python教程】《零基础入门学习Python》最新版（完结撒花🎉） p65 私有变量和__slots__ -- 类和对象（VII）.mp4
[20:10:02]     OK  (190s)  OK 文字稿\03-Python-零基础入门学习Python-最新版\066-【Python教程】《零基础入门学习Python》最新版（完结撒花🎉） p66 原来Python懂魔法 -- 类和对象（VIII）.md 551
[20:10:02] [19/101] 03-Python-零基础入门学习Python-最新版\069-【Python教程】《零基础入门学习Python》最新版（完结撒花🎉） p69 属性访问相关的魔法方法 -- 类和对象（XI）.mp4
[20:11:56]     OK  (151s)  OK 文字稿\03-Python-零基础入门学习Python-最新版\067-【Python教程】《零基础入门学习Python》最新版（完结撒花🎉） p67 运算相关的魔法方法（上）-- 类和对象（IX）.md 374
[20:11:56] [20/102] 03-Python-零基础入门学习Python-最新版\070-【Python教程】《零基础入门学习Python》最新版（完结撒花🎉） p70 索引、切片、迭代协议 -- 类和对象（XII）.mp4
[20:12:08]     OK  (126s)  OK 文字稿\03-Python-零基础入门学习Python-最新版\069-【Python教程】《零基础入门学习Python》最新版（完结撒花🎉） p69 属性访问相关的魔法方法 -- 类和对象（XI）.md 322
[20:12:08] [20/101] 03-Python-零基础入门学习Python-最新版\072-【Python教程】《零基础入门学习Python》最新版（完结撒花🎉） p72 对象调用相关的魔法方法 -- 类和对象（XIV）.mp4
[20:12:11]     OK  (165s)  OK 文字稿\03-Python-零基础入门学习Python-最新版\065-【Python教程】《零基础入门学习Python》最新版（完结撒花🎉） p65 私有变量和__slots__ -- 类和对象（VII）.md 418
[20:12:11] [19/101] 03-Python-零基础入门学习Python-最新版\068-【Python教程】《零基础入门学习Python》最新版（完结撒花🎉） p68 运算相关的魔法方法（下）-- 类和对象（X）.mp4
[20:14:00]     OK  (124s)  OK 文字稿\03-Python-零基础入门学习Python-最新版\070-【Python教程】《零基础入门学习Python》最新版（完结撒花🎉） p70 索引、切片、迭代协议 -- 类和对象（XII）.md 418
[20:14:00] [21/102] 03-Python-零基础入门学习Python-最新版\073-【Python教程】《零基础入门学习Python》最新版（完结撒花🎉） p73 property() -- 类和对象（XV）.mp4
[20:14:11]     OK  (123s)  OK 文字稿\03-Python-零基础入门学习Python-最新版\072-【Python教程】《零基础入门学习Python》最新版（完结撒花🎉） p72 对象调用相关的魔法方法 -- 类和对象（XIV）.md 303
[20:14:11] [21/101] 03-Python-零基础入门学习Python-最新版\075-【Python教程】《零基础入门学习Python》最新版（完结撒花🎉） p75 【困难预警，选修】描述符及property()实现原理 -- 类和对象（XVII）.mp4
[20:15:00]     OK  (169s)  OK 文字稿\03-Python-零基础入门学习Python-最新版\068-【Python教程】《零基础入门学习Python》最新版（完结撒花🎉） p68 运算相关的魔法方法（下）-- 类和对象（X）.md 442
[20:15:00] [20/101] 03-Python-零基础入门学习Python-最新版\071-【Python教程】《零基础入门学习Python》最新版（完结撒花🎉） p71 代偿 -- 类和对象（XIII）.mp4
[20:15:43]     OK  (103s)  OK 文字稿\03-Python-零基础入门学习Python-最新版\073-【Python教程】《零基础入门学习Python》最新版（完结撒花🎉） p73 property() -- 类和对象（XV）.md 278
[20:15:43] [22/102] 03-Python-零基础入门学习Python-最新版\076-【Python教程】《零基础入门学习Python》最新版（完结撒花🎉） p76 【困难预警，选修】数据描述符、非数据描述符、优雅编程 -- 类和对象（XVIII）.mp4
[20:16:30]     OK  (139s)  OK 文字稿\03-Python-零基础入门学习Python-最新版\075-【Python教程】《零基础入门学习Python》最新版（完结撒花🎉） p75 【困难预警，选修】描述符及property()实现原理 -- 类和对象（XVII）
[20:16:30] [22/101] 03-Python-零基础入门学习Python-最新版\078-【Python教程】《零基础入门学习Python》最新版（完结撒花🎉） p78 【困难预警，选修】类装饰器 -- 类和对象（XX）.mp4
[20:17:05]     OK  (125s)  OK 文字稿\03-Python-零基础入门学习Python-最新版\071-【Python教程】《零基础入门学习Python》最新版（完结撒花🎉） p71 代偿 -- 类和对象（XIII）.md 348
[20:17:05] [21/101] 03-Python-零基础入门学习Python-最新版\074-【Python教程】《零基础入门学习Python》最新版（完结撒花🎉） p74 类方法和静态方法 -- 类和对象（XVI）.mp4
[20:18:07]     OK  (145s)  OK 文字稿\03-Python-零基础入门学习Python-最新版\076-【Python教程】《零基础入门学习Python》最新版（完结撒花🎉） p76 【困难预警，选修】数据描述符、非数据描述符、优雅编程 -- 类和对象（XVIII）
[20:18:07] [23/102] 03-Python-零基础入门学习Python-最新版\079-【Python教程】《零基础入门学习Python》最新版（完结撒花🎉） p79 type()函数和__init_subclass__ -- 类和对象（XXI）.mp4
[20:19:02]     OK  (117s)  OK 文字稿\03-Python-零基础入门学习Python-最新版\074-【Python教程】《零基础入门学习Python》最新版（完结撒花🎉） p74 类方法和静态方法 -- 类和对象（XVI）.md 338
[20:19:02] [22/101] 03-Python-零基础入门学习Python-最新版\077-【Python教程】《零基础入门学习Python》最新版（完结撒花🎉） p77 【困难预警，选修】函数、方法、静态方法、类方法的底层实现原理 -- 类和对象（XIX）.mp4
[20:19:15]     OK  (165s)  OK 文字稿\03-Python-零基础入门学习Python-最新版\078-【Python教程】《零基础入门学习Python》最新版（完结撒花🎉） p78 【困难预警，选修】类装饰器 -- 类和对象（XX）.md 518
[20:19:15] [23/101] 03-Python-零基础入门学习Python-最新版\081-【Python教程】《零基础入门学习Python》最新版（完结撒花🎉） p81 元类的应用 -- 类和对象（XXIII）.mp4
[20:20:37]     OK  (149s)  OK 文字稿\03-Python-零基础入门学习Python-最新版\079-【Python教程】《零基础入门学习Python》最新版（完结撒花🎉） p79 type()函数和__init_subclass__ -- 类和对象（XXI）.m
[20:20:37] [24/102] 03-Python-零基础入门学习Python-最新版\082-【Python教程】《零基础入门学习Python》最新版（完结撒花🎉） p82 抽象基类 -- 类和对象（XXIV）.mp4
[20:21:35]     OK  (153s)  OK 文字稿\03-Python-零基础入门学习Python-最新版\077-【Python教程】《零基础入门学习Python》最新版（完结撒花🎉） p77 【困难预警，选修】函数、方法、静态方法、类方法的底层实现原理 -- 类和对象（XI
[20:21:35] [23/101] 03-Python-零基础入门学习Python-最新版\080-【Python教程】《零基础入门学习Python》最新版（完结撒花🎉） p80 元类 -- 类和对象（XXII）.mp4
[20:21:43]     OK  (147s)  OK 文字稿\03-Python-零基础入门学习Python-最新版\081-【Python教程】《零基础入门学习Python》最新版（完结撒花🎉） p81 元类的应用 -- 类和对象（XXIII）.md 483
[20:21:43] [24/101] 03-Python-零基础入门学习Python-最新版\084-【Python教程】《零基础入门学习Python》最新版（完结撒花🎉） p84 模块和包（上）.mp4
[20:22:24]     OK  (107s)  OK 文字稿\03-Python-零基础入门学习Python-最新版\082-【Python教程】《零基础入门学习Python》最新版（完结撒花🎉） p82 抽象基类 -- 类和对象（XXIV）.md 319
[20:22:24] [25/102] 03-Python-零基础入门学习Python-最新版\085-【Python教程】《零基础入门学习Python》最新版（完结撒花🎉） p85 模块和包（中）.mp4
[20:23:29]     OK  (114s)  OK 文字稿\03-Python-零基础入门学习Python-最新版\080-【Python教程】《零基础入门学习Python》最新版（完结撒花🎉） p80 元类 -- 类和对象（XXII）.md 344
[20:23:29] [24/101] 03-Python-零基础入门学习Python-最新版\083-【Python教程】《零基础入门学习Python》最新版（完结撒花🎉） p83 死磕成就非凡 -- 类和对象（XXV）.mp4
[20:23:39]     OK  (117s)  OK 文字稿\03-Python-零基础入门学习Python-最新版\084-【Python教程】《零基础入门学习Python》最新版（完结撒花🎉） p84 模块和包（上）.md 365
[20:23:39] [25/101] 04-Python-零基础入门学习Python-第一版\002-【Python教程】《零基础入门学习Python》 p02 我和Python的第一次亲密接触.mp4
[20:25:10]     OK  (166s)  OK 文字稿\03-Python-零基础入门学习Python-最新版\085-【Python教程】《零基础入门学习Python》最新版（完结撒花🎉） p85 模块和包（中）.md 500
[20:25:10] [26/102] 04-Python-零基础入门学习Python-第一版\003-【Python教程】《零基础入门学习Python》 p03 用Python设计第一个游戏.mp4
[20:25:16]     OK  (107s)  OK 文字稿\03-Python-零基础入门学习Python-最新版\083-【Python教程】《零基础入门学习Python》最新版（完结撒花🎉） p83 死磕成就非凡 -- 类和对象（XXV）.md 249
[20:25:16] [25/101] 03-Python-零基础入门学习Python-最新版\086-【Python教程】《零基础入门学习Python》最新版（完结撒花🎉） p86 模块和包（下）.mp4
[20:26:13]     OK  (153s)  OK 文字稿\04-Python-零基础入门学习Python-第一版\002-【Python教程】《零基础入门学习Python》 p02 我和Python的第一次亲密接触.md 364
[20:26:13] [26/101] 04-Python-零基础入门学习Python-第一版\005-【Python教程】《零基础入门学习Python》 p05 改进我们的小游戏.mp4
[20:27:33]     OK  (137s)  OK 文字稿\03-Python-零基础入门学习Python-最新版\086-【Python教程】《零基础入门学习Python》最新版（完结撒花🎉） p86 模块和包（下）.md 258
[20:27:33] [26/101] 04-Python-零基础入门学习Python-第一版\004-【Python教程】《零基础入门学习Python》 p04 小插曲之变量和字符串.mp4
[20:30:47]     OK  (337s)  OK 文字稿\04-Python-零基础入门学习Python-第一版\003-【Python教程】《零基础入门学习Python》 p03 用Python设计第一个游戏.md 790
[20:30:47] [27/102] 04-Python-零基础入门学习Python-第一版\006-【Python教程】《零基础入门学习Python》 p06 闲聊之Python的数据类型.mp4
[20:31:25]     OK  (232s)  OK 文字稿\04-Python-零基础入门学习Python-第一版\004-【Python教程】《零基础入门学习Python》 p04 小插曲之变量和字符串.md 503
[20:31:25] [27/101] 04-Python-零基础入门学习Python-第一版\007-【Python教程】《零基础入门学习Python》 p07 Pyhon之常用操作符.mp4
[20:32:27]     OK  (374s)  OK 文字稿\04-Python-零基础入门学习Python-第一版\005-【Python教程】《零基础入门学习Python》 p05 改进我们的小游戏.md 916
[20:32:27] [27/101] 04-Python-零基础入门学习Python-第一版\008-【Python教程】《零基础入门学习Python》 p08 了不起的分支和循环1.mp4
[20:34:27]     OK  (220s)  OK 文字稿\04-Python-零基础入门学习Python-第一版\006-【Python教程】《零基础入门学习Python》 p06 闲聊之Python的数据类型.md 530
[20:34:27] [28/102] 04-Python-零基础入门学习Python-第一版\009-【Python教程】《零基础入门学习Python》 p09 了不起的分支和循环2.mp4
[20:34:50]     OK  (205s)  OK 文字稿\04-Python-零基础入门学习Python-第一版\007-【Python教程】《零基础入门学习Python》 p07 Pyhon之常用操作符.md 453
[20:34:50] [28/101] 04-Python-零基础入门学习Python-第一版\010-【Python教程】《零基础入门学习Python》 p10 了不起的分支和循环3.mp4
[20:36:11]     OK  (224s)  OK 文字稿\04-Python-零基础入门学习Python-第一版\008-【Python教程】《零基础入门学习Python》 p08 了不起的分支和循环1.md 512
[20:36:11] [28/101] 04-Python-零基础入门学习Python-第一版\011-【Python教程】《零基础入门学习Python》 p11 列表：一个打了激素的数组1.mp4
[20:37:16]     OK  (169s)  OK 文字稿\04-Python-零基础入门学习Python-第一版\009-【Python教程】《零基础入门学习Python》 p09 了不起的分支和循环2.md 364
[20:37:16] [29/102] 04-Python-零基础入门学习Python-第一版\012-【Python教程】《零基础入门学习Python》 p12 列表：一个打了激素的数组2.mp4
[20:37:48]     OK  (177s)  OK 文字稿\04-Python-零基础入门学习Python-第一版\010-【Python教程】《零基础入门学习Python》 p10 了不起的分支和循环3.md 435
[20:37:48] [29/101] 04-Python-零基础入门学习Python-第一版\013-【Python教程】《零基础入门学习Python》 p13 列表：一个打了激素的数组3.mp4
[20:39:17]     OK  (186s)  OK 文字稿\04-Python-零基础入门学习Python-第一版\011-【Python教程】《零基础入门学习Python》 p11 列表：一个打了激素的数组1.md 433
[20:39:17] [29/101] 04-Python-零基础入门学习Python-第一版\014-【Python教程】《零基础入门学习Python》 p14 元组：戴上了枷锁的列表.mp4
[20:40:10]     OK  (174s)  OK 文字稿\04-Python-零基础入门学习Python-第一版\012-【Python教程】《零基础入门学习Python》 p12 列表：一个打了激素的数组2.md 385
[20:40:10] [30/102] 04-Python-零基础入门学习Python-第一版\015-【Python教程】《零基础入门学习Python》 p15 字符串：各种奇葩的内置方法.mp4
[20:42:04]     OK  (256s)  OK 文字稿\04-Python-零基础入门学习Python-第一版\013-【Python教程】《零基础入门学习Python》 p13 列表：一个打了激素的数组3.md 694
[20:42:04] [30/101] 04-Python-零基础入门学习Python-第一版\016-【Python教程】《零基础入门学习Python》 p16 字符串：格式化.mp4
[20:42:51]     OK  (214s)  OK 文字稿\04-Python-零基础入门学习Python-第一版\014-【Python教程】《零基础入门学习Python》 p14 元组：戴上了枷锁的列表.md 543
[20:42:51] [30/101] 04-Python-零基础入门学习Python-第一版\017-【Python教程】《零基础入门学习Python》 p17 序列！序列！.mp4
[20:46:28]     OK  (378s)  OK 文字稿\04-Python-零基础入门学习Python-第一版\015-【Python教程】《零基础入门学习Python》 p15 字符串：各种奇葩的内置方法.md 981
[20:46:28] [31/102] 04-Python-零基础入门学习Python-第一版\018-【Python教程】《零基础入门学习Python》 p18 函数：Python的乐高积木.mp4
[20:47:08]     OK  (257s)  OK 文字稿\04-Python-零基础入门学习Python-第一版\017-【Python教程】《零基础入门学习Python》 p17 序列！序列！.md 648
[20:47:08] [31/101] 04-Python-零基础入门学习Python-第一版\020-【Python教程】《零基础入门学习Python》 p20 函数：我的地盘听我的.mp4
[20:47:31]     OK  (327s)  OK 文字稿\04-Python-零基础入门学习Python-第一版\016-【Python教程】《零基础入门学习Python》 p16 字符串：格式化.md 675
[20:47:31] [31/101] 04-Python-零基础入门学习Python-第一版\019-【Python教程】《零基础入门学习Python》 p19 函数：灵活即强大.mp4
[20:49:15]     OK  (167s)  OK 文字稿\04-Python-零基础入门学习Python-第一版\018-【Python教程】《零基础入门学习Python》 p18 函数：Python的乐高积木.md 315
[20:49:15] [32/102] 04-Python-零基础入门学习Python-第一版\021-【Python教程】《零基础入门学习Python》 p21 函数：内嵌函数和闭包.mp4
[20:50:25]     OK  (174s)  OK 文字稿\04-Python-零基础入门学习Python-第一版\019-【Python教程】《零基础入门学习Python》 p19 函数：灵活即强大.md 219
[20:50:25] [32/101] 04-Python-零基础入门学习Python-第一版\022-【Python教程】《零基础入门学习Python》 p22 函数：lambda表达式.mp4
[20:50:31]     OK  (203s)  OK 文字稿\04-Python-零基础入门学习Python-第一版\020-【Python教程】《零基础入门学习Python》 p20 函数：我的地盘听我的.md 432
[20:50:31] [32/101] 04-Python-零基础入门学习Python-第一版\023-【Python教程】《零基础入门学习Python》 p23 函数：递归是神马.mp4
[20:52:34]     OK  (199s)  OK 文字稿\04-Python-零基础入门学习Python-第一版\021-【Python教程】《零基础入门学习Python》 p21 函数：内嵌函数和闭包.md 380
[20:52:34] [33/102] 04-Python-零基础入门学习Python-第一版\024-【Python教程】《零基础入门学习Python》 p24 递归：这帮小兔崽子.mp4
[20:52:45]     OK  (140s)  OK 文字稿\04-Python-零基础入门学习Python-第一版\022-【Python教程】《零基础入门学习Python》 p22 函数：lambda表达式.md 347
[20:52:45] [33/101] 04-Python-零基础入门学习Python-第一版\025-【Python教程】《零基础入门学习Python》 p25 递归：汉诺塔.mp4
[20:54:24]     OK  (233s)  OK 文字稿\04-Python-零基础入门学习Python-第一版\023-【Python教程】《零基础入门学习Python》 p23 函数：递归是神马.md 623
[20:54:24] [33/101] 04-Python-零基础入门学习Python-第一版\026-【Python教程】《零基础入门学习Python》 p26 字典：当索引不好用时1.mp4
[20:55:05]     OK  (140s)  OK 文字稿\04-Python-零基础入门学习Python-第一版\025-【Python教程】《零基础入门学习Python》 p25 递归：汉诺塔.md 261
[20:55:05] [34/101] 04-Python-零基础入门学习Python-第一版\028-【Python教程】《零基础入门学习Python》 p28 集合：在我的世界里，你就是唯一.mp4
[20:55:42]     OK  (188s)  OK 文字稿\04-Python-零基础入门学习Python-第一版\024-【Python教程】《零基础入门学习Python》 p24 递归：这帮小兔崽子.md 461
[20:55:42] [34/102] 04-Python-零基础入门学习Python-第一版\027-【Python教程】《零基础入门学习Python》 p27 字典：当索引不好用时2.mp4
[20:56:50]     OK  (104s)  OK 文字稿\04-Python-零基础入门学习Python-第一版\028-【Python教程】《零基础入门学习Python》 p28 集合：在我的世界里，你就是唯一.md 251
[20:56:50] [35/101] 04-Python-零基础入门学习Python-第一版\031-【Python教程】《零基础入门学习Python》 p31 文件系统：介绍一个高大上的东西.mp4
[20:56:56]     OK  (152s)  OK 文字稿\04-Python-零基础入门学习Python-第一版\026-【Python教程】《零基础入门学习Python》 p26 字典：当索引不好用时1.md 238
[20:56:56] [34/101] 04-Python-零基础入门学习Python-第一版\029-【Python教程】《零基础入门学习Python》 p29 文件：因为懂你，所以永恒.mp4
[20:58:27]     OK  (165s)  OK 文字稿\04-Python-零基础入门学习Python-第一版\027-【Python教程】《零基础入门学习Python》 p27 字典：当索引不好用时2.md 387
[20:58:27] [35/102] 04-Python-零基础入门学习Python-第一版\030-【Python教程】《零基础入门学习Python》 p30 文件：一个任务.mp4
[21:00:09]     OK  (193s)  OK 文字稿\04-Python-零基础入门学习Python-第一版\029-【Python教程】《零基础入门学习Python》 p29 文件：因为懂你，所以永恒.md 437
[21:00:09] [35/101] 04-Python-零基础入门学习Python-第一版\032-【Python教程】《零基础入门学习Python》 p32 永久存储：腌制一缸美味的泡菜.mp4
[21:00:45]     OK  (236s)  OK 文字稿\04-Python-零基础入门学习Python-第一版\031-【Python教程】《零基础入门学习Python》 p31 文件系统：介绍一个高大上的东西.md 499
[21:00:45] [36/101] 04-Python-零基础入门学习Python-第一版\034-【Python教程】《零基础入门学习Python》 p34 异常处理：你不可能总是对的2.mp4
[21:00:49]     OK  (141s)  OK 文字稿\04-Python-零基础入门学习Python-第一版\030-【Python教程】《零基础入门学习Python》 p30 文件：一个任务.md 87
[21:00:49] [36/102] 04-Python-零基础入门学习Python-第一版\033-【Python教程】《零基础入门学习Python》 p33 异常处理：你不可能总是对的1.mp4
[21:02:07]     OK  (118s)  OK 文字稿\04-Python-零基础入门学习Python-第一版\032-【Python教程】《零基础入门学习Python》 p32 永久存储：腌制一缸美味的泡菜.md 276
[21:02:07] [36/101] 04-Python-零基础入门学习Python-第一版\035-【Python教程】《零基础入门学习Python》 p35 丰富的else语句及简洁的with语句.mp4
[21:03:11]     OK  (143s)  OK 文字稿\04-Python-零基础入门学习Python-第一版\033-【Python教程】《零基础入门学习Python》 p33 异常处理：你不可能总是对的1.md 359
[21:03:11] [37/102] 04-Python-零基础入门学习Python-第一版\036-【Python教程】《零基础入门学习Python》 p36 图形用户界面入门：EasyGui.mp4
[21:03:28]     OK  (163s)  OK 文字稿\04-Python-零基础入门学习Python-第一版\034-【Python教程】《零基础入门学习Python》 p34 异常处理：你不可能总是对的2.md 401
[21:03:28] [37/101] 04-Python-零基础入门学习Python-第一版\037-【Python教程】《零基础入门学习Python》 p37 类和对象：给大家介绍对象.mp4
[21:03:37]     OK  (91s)  OK 文字稿\04-Python-零基础入门学习Python-第一版\035-【Python教程】《零基础入门学习Python》 p35 丰富的else语句及简洁的with语句.md 131
[21:03:37] [37/101] 04-Python-零基础入门学习Python-第一版\038-【Python教程】《零基础入门学习Python》 p38 类和对象：面向对象编程.mp4
[21:05:49]     OK  (158s)  OK 文字稿\04-Python-零基础入门学习Python-第一版\036-【Python教程】《零基础入门学习Python》 p36 图形用户界面入门：EasyGui.md 417
[21:05:49] [38/102] 04-Python-零基础入门学习Python-第一版\039-【Python教程】《零基础入门学习Python》 p39 类和对象：继承.mp4
[21:05:59]     OK  (141s)  OK 文字稿\04-Python-零基础入门学习Python-第一版\038-【Python教程】《零基础入门学习Python》 p38 类和对象：面向对象编程.md 314
[21:05:59] [38/101] 04-Python-零基础入门学习Python-第一版\041-【Python教程】《零基础入门学习Python》 p41 类和对象：一些相关的BIF.mp4
[21:06:06]     OK  (158s)  OK 文字稿\04-Python-零基础入门学习Python-第一版\037-【Python教程】《零基础入门学习Python》 p37 类和对象：给大家介绍对象.md 421
[21:06:06] [38/101] 04-Python-零基础入门学习Python-第一版\040-【Python教程】《零基础入门学习Python》 p40 类和对象：拾遗.mp4
[21:08:37]     OK  (168s)  OK 文字稿\04-Python-零基础入门学习Python-第一版\039-【Python教程】《零基础入门学习Python》 p39 类和对象：继承.md 227
[21:08:37] [39/102] 04-Python-零基础入门学习Python-第一版\042-【Python教程】《零基础入门学习Python》 p42 魔法方法：构造和析构.mp4
[21:08:44]     OK  (165s)  OK 文字稿\04-Python-零基础入门学习Python-第一版\041-【Python教程】《零基础入门学习Python》 p41 类和对象：一些相关的BIF.md 393
[21:08:44] [39/101] 04-Python-零基础入门学习Python-第一版\044-【Python教程】《零基础入门学习Python》 p44 魔法方法：算术运算2.mp4
[21:09:03]     OK  (177s)  OK 文字稿\04-Python-零基础入门学习Python-第一版\040-【Python教程】《零基础入门学习Python》 p40 类和对象：拾遗.md 400
[21:09:03] [39/101] 04-Python-零基础入门学习Python-第一版\043-【Python教程】《零基础入门学习Python》 p43 魔法方法：算术运算1.mp4
[21:10:49]     OK  (125s)  OK 文字稿\04-Python-零基础入门学习Python-第一版\044-【Python教程】《零基础入门学习Python》 p44 魔法方法：算术运算2.md 300
[21:10:49] [40/101] 04-Python-零基础入门学习Python-第一版\047-【Python教程】《零基础入门学习Python》 p47 魔法方法：描述符（Property的原理）.mp4
[21:10:57]     OK  (139s)  OK 文字稿\04-Python-零基础入门学习Python-第一版\042-【Python教程】《零基础入门学习Python》 p42 魔法方法：构造和析构.md 309
[21:10:57] [40/102] 04-Python-零基础入门学习Python-第一版\045-【Python教程】《零基础入门学习Python》 p45 魔法方法：简单定制.mp4
[21:11:06]     OK  (124s)  OK 文字稿\04-Python-零基础入门学习Python-第一版\043-【Python教程】《零基础入门学习Python》 p43 魔法方法：算术运算1.md 290
[21:11:06] [40/101] 04-Python-零基础入门学习Python-第一版\046-【Python教程】《零基础入门学习Python》 p46 魔法方法：属性访问.mp4
[21:13:40]     OK  (171s)  OK 文字稿\04-Python-零基础入门学习Python-第一版\047-【Python教程】《零基础入门学习Python》 p47 魔法方法：描述符（Property的原理）.md 433
[21:13:40] [41/101] 04-Python-零基础入门学习Python-第一版\050-【Python教程】《零基础入门学习Python》 p50 乱入：生成器.mp4
[21:14:25]     OK  (198s)  OK 文字稿\04-Python-零基础入门学习Python-第一版\046-【Python教程】《零基础入门学习Python》 p46 魔法方法：属性访问.md 529
[21:14:25] [41/101] 04-Python-零基础入门学习Python-第一版\049-【Python教程】《零基础入门学习Python》 p49 魔法方法：迭代器.mp4
[21:15:56]     OK  (299s)  OK 文字稿\04-Python-零基础入门学习Python-第一版\045-【Python教程】《零基础入门学习Python》 p45 魔法方法：简单定制.md 860
[21:15:56] [41/102] 04-Python-零基础入门学习Python-第一版\048-【Python教程】《零基础入门学习Python》 p48 魔法方法：定制序列.mp4
[21:16:12]     OK  (107s)  OK 文字稿\04-Python-零基础入门学习Python-第一版\049-【Python教程】《零基础入门学习Python》 p49 魔法方法：迭代器.md 250
[21:16:12] [42/101] 04-Python-零基础入门学习Python-第一版\052-【Python教程】《零基础入门学习Python》 p52 模块：__name__='__main__'、搜索路径和包.mp4
[21:16:13]     OK  (153s)  OK 文字稿\04-Python-零基础入门学习Python-第一版\050-【Python教程】《零基础入门学习Python》 p50 乱入：生成器.md 406
[21:16:13] [42/101] 04-Python-零基础入门学习Python-第一版\053-【Python教程】《零基础入门学习Python》 p53 模块：像个极客一样去思考.mp4
[21:17:41]     OK  (105s)  OK 文字稿\04-Python-零基础入门学习Python-第一版\048-【Python教程】《零基础入门学习Python》 p48 魔法方法：定制序列.md 292
[21:17:41] [42/102] 04-Python-零基础入门学习Python-第一版\051-【Python教程】《零基础入门学习Python》 p51 模块：模块就是程序.mp4
[21:18:22]     OK  (131s)  OK 文字稿\04-Python-零基础入门学习Python-第一版\052-【Python教程】《零基础入门学习Python》 p52 模块：__name__='__main__'、搜索路径和包.md 155
[21:18:22] [43/101] 04-Python-零基础入门学习Python-第一版\055-【Python教程】《零基础入门学习Python》 p55 论一只爬虫的自我修养2：实战.mp4
[21:18:58]     OK  (166s)  OK 文字稿\04-Python-零基础入门学习Python-第一版\053-【Python教程】《零基础入门学习Python》 p53 模块：像个极客一样去思考.md 264
[21:18:58] [43/101] 04-Python-零基础入门学习Python-第一版\056-【Python教程】《零基础入门学习Python》 p56 论一只爬虫的自我修养3：隐藏.mp4
[21:19:30]     OK  (109s)  OK 文字稿\04-Python-零基础入门学习Python-第一版\051-【Python教程】《零基础入门学习Python》 p51 模块：模块就是程序.md 286
[21:19:30] [43/102] 04-Python-零基础入门学习Python-第一版\054-【Python教程】《零基础入门学习Python》 p54 论一只爬虫的自我修养1.mp4
[21:22:09]     OK  (159s)  OK 文字稿\04-Python-零基础入门学习Python-第一版\054-【Python教程】《零基础入门学习Python》 p54 论一只爬虫的自我修养1.md 342
[21:22:09] [44/102] 04-Python-零基础入门学习Python-第一版\057-【Python教程】《零基础入门学习Python》 p57 论一只爬虫的自我修养4：OOXX.mp4
[21:22:10]     OK  (192s)  OK 文字稿\04-Python-零基础入门学习Python-第一版\056-【Python教程】《零基础入门学习Python》 p56 论一只爬虫的自我修养3：隐藏.md 283
[21:22:10] [44/101] 04-Python-零基础入门学习Python-第一版\059-【Python教程】《零基础入门学习Python》 p59 论一只爬虫的自我修养6：正则表达式2.mp4
[21:22:55]     OK  (273s)  OK 文字稿\04-Python-零基础入门学习Python-第一版\055-【Python教程】《零基础入门学习Python》 p55 论一只爬虫的自我修养2：实战.md 739
[21:22:55] [44/101] 04-Python-零基础入门学习Python-第一版\058-【Python教程】《零基础入门学习Python》 p58 论一只爬虫的自我修养5：正则表达式1.mp4
[21:26:38]     OK  (268s)  OK 文字稿\04-Python-零基础入门学习Python-第一版\059-【Python教程】《零基础入门学习Python》 p59 论一只爬虫的自我修养6：正则表达式2.md 466
[21:26:38] [45/101] 04-Python-零基础入门学习Python-第一版\062-【Python教程】《零基础入门学习Python》 p62 论一只爬虫的自我修养9：异常处理.mp4
[21:27:35]     OK  (280s)  OK 文字稿\04-Python-零基础入门学习Python-第一版\058-【Python教程】《零基础入门学习Python》 p58 论一只爬虫的自我修养5：正则表达式1.md 631
[21:27:35] [45/101] 04-Python-零基础入门学习Python-第一版\061-【Python教程】《零基础入门学习Python》 p61 论一只爬虫的自我修养8：正则表达式4.mp4
[21:27:47]     OK  (338s)  OK 文字稿\04-Python-零基础入门学习Python-第一版\057-【Python教程】《零基础入门学习Python》 p57 论一只爬虫的自我修养4：OOXX.md 759
[21:27:47] [45/102] 04-Python-零基础入门学习Python-第一版\060-【Python教程】《零基础入门学习Python》 p60 论一只爬虫的自我修养7：正则表达式3.mp4
[21:28:29]     OK  (111s)  OK 文字稿\04-Python-零基础入门学习Python-第一版\062-【Python教程】《零基础入门学习Python》 p62 论一只爬虫的自我修养9：异常处理.md 169
[21:28:29] [46/101] 04-Python-零基础入门学习Python-第一版\065-【Python教程】《零基础入门学习Python》 p65 GUI的终极选择：Tkinter1.mp4
[21:30:59]     OK  (204s)  OK 文字稿\04-Python-零基础入门学习Python-第一版\061-【Python教程】《零基础入门学习Python》 p61 论一只爬虫的自我修养8：正则表达式4.md 478
[21:30:59] [46/101] 04-Python-零基础入门学习Python-第一版\064-【Python教程】《零基础入门学习Python》 p64 论一只爬虫的自我修养11：Scrapy框架之初窥门径.mp4
[21:31:06]     OK  (199s)  OK 文字稿\04-Python-零基础入门学习Python-第一版\060-【Python教程】《零基础入门学习Python》 p60 论一只爬虫的自我修养7：正则表达式3.md 420
[21:31:06] [46/102] 04-Python-零基础入门学习Python-第一版\063-【Python教程】《零基础入门学习Python》 p63 论一只爬虫的自我修养10：安装Scrapy.mp4
[21:31:14]     OK  (166s)  OK 文字稿\04-Python-零基础入门学习Python-第一版\065-【Python教程】《零基础入门学习Python》 p65 GUI的终极选择：Tkinter1.md 329
[21:31:14] [47/101] 04-Python-零基础入门学习Python-第一版\068-【Python教程】《零基础入门学习Python》 p68 GUI的终极选择：Tkinter4.mp4
[21:33:49]     OK  (163s)  OK 文字稿\04-Python-零基础入门学习Python-第一版\063-【Python教程】《零基础入门学习Python》 p63 论一只爬虫的自我修养10：安装Scrapy.md 394
[21:33:49] [47/102] 04-Python-零基础入门学习Python-第一版\066-【Python教程】《零基础入门学习Python》 p66 GUI的终极选择：Tkinter2.mp4
[21:36:09]     OK  (140s)  OK 文字稿\04-Python-零基础入门学习Python-第一版\066-【Python教程】《零基础入门学习Python》 p66 GUI的终极选择：Tkinter2.md 343
[21:36:09] [48/102] 04-Python-零基础入门学习Python-第一版\069-【Python教程】《零基础入门学习Python》 p69 GUI的终极选择：Tkinter5.mp4
[21:37:26]     OK  (371s)  OK 文字稿\04-Python-零基础入门学习Python-第一版\068-【Python教程】《零基础入门学习Python》 p68 GUI的终极选择：Tkinter4.md 923
[21:37:26] [48/101] 04-Python-零基础入门学习Python-第一版\071-【Python教程】《零基础入门学习Python》 p71 GUI的终极选择：Tkinter7.mp4
[21:37:41]     OK  (402s)  OK 文字稿\04-Python-零基础入门学习Python-第一版\064-【Python教程】《零基础入门学习Python》 p64 论一只爬虫的自我修养11：Scrapy框架之初窥门径.md 1062
[21:37:41] [47/101] 04-Python-零基础入门学习Python-第一版\067-【Python教程】《零基础入门学习Python》 p67 GUI的终极选择：Tkinter3.mp4
[21:39:41]     OK  (212s)  OK 文字稿\04-Python-零基础入门学习Python-第一版\069-【Python教程】《零基础入门学习Python》 p69 GUI的终极选择：Tkinter5.md 496
[21:39:41] [49/102] 04-Python-零基础入门学习Python-第一版\072-【Python教程】《零基础入门学习Python》 p72 GUI的终极选择：Tkinter8.mp4
[21:40:11]     OK  (151s)  OK 文字稿\04-Python-零基础入门学习Python-第一版\067-【Python教程】《零基础入门学习Python》 p67 GUI的终极选择：Tkinter3.md 315
[21:40:12] [48/101] 04-Python-零基础入门学习Python-第一版\070-【Python教程】《零基础入门学习Python》 p70 GUI的终极选择：Tkinter6.mp4
[21:43:29]     OK  (363s)  OK 文字稿\04-Python-零基础入门学习Python-第一版\071-【Python教程】《零基础入门学习Python》 p71 GUI的终极选择：Tkinter7.md 1023
[21:43:29] [49/101] 04-Python-零基础入门学习Python-第一版\074-【Python教程】《零基础入门学习Python》 p74 GUI的终极选择：Tkinter10.mp4
[21:44:08]     OK  (237s)  OK 文字稿\04-Python-零基础入门学习Python-第一版\070-【Python教程】《零基础入门学习Python》 p70 GUI的终极选择：Tkinter6.md 463
[21:44:08] [49/101] 04-Python-零基础入门学习Python-第一版\073-【Python教程】《零基础入门学习Python》 p73 GUI的终极选择：Tkinter9.mp4
[21:44:23]     OK  (282s)  OK 文字稿\04-Python-零基础入门学习Python-第一版\072-【Python教程】《零基础入门学习Python》 p72 GUI的终极选择：Tkinter8.md 820
[21:44:23] [50/102] 04-Python-零基础入门学习Python-第一版\075-【Python教程】《零基础入门学习Python》 p75 GUI的终极选择：Tkinter11.mp4
[21:47:25]     OK  (197s)  OK 文字稿\04-Python-零基础入门学习Python-第一版\073-【Python教程】《零基础入门学习Python》 p73 GUI的终极选择：Tkinter9.md 492
[21:47:25] [50/101] 04-Python-零基础入门学习Python-第一版\076-【Python教程】《零基础入门学习Python》 p76 GUI的终极选择：Tkinter12.mp4
[21:47:46]     OK  (258s)  OK 文字稿\04-Python-零基础入门学习Python-第一版\074-【Python教程】《零基础入门学习Python》 p74 GUI的终极选择：Tkinter10.md 774
[21:47:47] [50/101] 04-Python-零基础入门学习Python-第一版\077-【Python教程】《零基础入门学习Python》 p77 GUI的终极选择：Tkinter13.mp4
[21:48:00]     OK  (217s)  OK 文字稿\04-Python-零基础入门学习Python-第一版\075-【Python教程】《零基础入门学习Python》 p75 GUI的终极选择：Tkinter11.md 539
[21:48:00] [51/102] 04-Python-零基础入门学习Python-第一版\078-【Python教程】《零基础入门学习Python》 p78 GUI的终极选择：Tkinter14.mp4
[21:50:33]     OK  (153s)  OK 文字稿\04-Python-零基础入门学习Python-第一版\078-【Python教程】《零基础入门学习Python》 p78 GUI的终极选择：Tkinter14.md 354
[21:50:33] [52/102] 04-Python-零基础入门学习Python-第一版\081-【Python教程】《零基础入门学习Python》 p81 Pygame：事件.mp4
[21:50:42]     OK  (197s)  OK 文字稿\04-Python-零基础入门学习Python-第一版\076-【Python教程】《零基础入门学习Python》 p76 GUI的终极选择：Tkinter12.md 587
[21:50:42] [51/101] 04-Python-零基础入门学习Python-第一版\079-【Python教程】《零基础入门学习Python》 p79 Pygame：初次见面，请大家多多关照.mp4
[21:51:56]     OK  (250s)  OK 文字稿\04-Python-零基础入门学习Python-第一版\077-【Python教程】《零基础入门学习Python》 p77 GUI的终极选择：Tkinter13.md 535
[21:51:56] [51/101] 04-Python-零基础入门学习Python-第一版\080-【Python教程】《零基础入门学习Python》 p80 Pygame：解惑.mp4
[21:53:05]     OK  (143s)  OK 文字稿\04-Python-零基础入门学习Python-第一版\079-【Python教程】《零基础入门学习Python》 p79 Pygame：初次见面，请大家多多关照.md 133
[21:53:05] [52/101] 04-Python-零基础入门学习Python-第一版\082-【Python教程】《零基础入门学习Python》 p82 Pygame：提高游戏的颜值1.mp4
[21:53:34]     OK  (182s)  OK 文字稿\04-Python-零基础入门学习Python-第一版\081-【Python教程】《零基础入门学习Python》 p81 Pygame：事件.md 625
[21:53:34] [53/102] 04-Python-零基础入门学习Python-第一版\084-【Python教程】《零基础入门学习Python》 p84 Pygame：提高游戏的颜值3.mp4
[21:53:43]     OK  (107s)  OK 文字稿\04-Python-零基础入门学习Python-第一版\080-【Python教程】《零基础入门学习Python》 p80 Pygame：解惑.md 270
[21:53:43] [52/101] 04-Python-零基础入门学习Python-第一版\083-【Python教程】《零基础入门学习Python》 p83 Pygame：提高游戏的颜值2.mp4
[21:56:29]     OK  (166s)  OK 文字稿\04-Python-零基础入门学习Python-第一版\083-【Python教程】《零基础入门学习Python》 p83 Pygame：提高游戏的颜值2.md 370
[21:56:29] [53/101] 04-Python-零基础入门学习Python-第一版\086-【Python教程】《零基础入门学习Python》 p86 Pygame：动画精灵.mp4
[21:56:32]     OK  (177s)  OK 文字稿\04-Python-零基础入门学习Python-第一版\084-【Python教程】《零基础入门学习Python》 p84 Pygame：提高游戏的颜值3.md 458
[21:56:32] [54/102] 04-Python-零基础入门学习Python-第一版\087-【Python教程】《零基础入门学习Python》 p87 Pygame：碰撞检测.mp4
[21:57:38]     OK  (273s)  OK 文字稿\04-Python-零基础入门学习Python-第一版\082-【Python教程】《零基础入门学习Python》 p82 Pygame：提高游戏的颜值1.md 956
[21:57:38] [53/101] 04-Python-零基础入门学习Python-第一版\085-【Python教程】《零基础入门学习Python》 p85 Pygame：基本图形绘制.mp4
[21:59:58]     OK  (206s)  OK 文字稿\04-Python-零基础入门学习Python-第一版\087-【Python教程】《零基础入门学习Python》 p87 Pygame：碰撞检测.md 568
[21:59:58] [55/102] 04-Python-零基础入门学习Python-第一版\090-【Python教程】《零基础入门学习Python》 p90 Pygame：游戏胜利.mp4
[22:00:12]     OK  (223s)  OK 文字稿\04-Python-零基础入门学习Python-第一版\086-【Python教程】《零基础入门学习Python》 p86 Pygame：动画精灵.md 561
[22:00:12] [54/101] 04-Python-零基础入门学习Python-第一版\089-【Python教程】《零基础入门学习Python》 p89 Pygame：摩擦摩擦.mp4
[22:01:53]     OK  (254s)  OK 文字稿\04-Python-零基础入门学习Python-第一版\085-【Python教程】《零基础入门学习Python》 p85 Pygame：基本图形绘制.md 767
[22:01:53] [54/101] 04-Python-零基础入门学习Python-第一版\088-【Python教程】《零基础入门学习Python》 p88 Pygame：播放声音和音效.mp4
[22:04:25]     OK  (253s)  OK 文字稿\04-Python-零基础入门学习Python-第一版\089-【Python教程】《零基础入门学习Python》 p89 Pygame：摩擦摩擦.md 733
[22:04:25] [55/101] 04-Python-零基础入门学习Python-第一版\092-【Python教程】《零基础入门学习Python》 p92 Pygame：飞机大战2.mp4
[22:05:05]     OK  (308s)  OK 文字稿\04-Python-零基础入门学习Python-第一版\090-【Python教程】《零基础入门学习Python》 p90 Pygame：游戏胜利.md 907
[22:05:05] [56/102] 04-Python-零基础入门学习Python-第一版\093-【Python教程】《零基础入门学习Python》 p93 Pygame：飞机大战3.mp4
[22:05:42]     OK  (230s)  OK 文字稿\04-Python-零基础入门学习Python-第一版\088-【Python教程】《零基础入门学习Python》 p88 Pygame：播放声音和音效.md 659
[22:05:43] [55/101] 04-Python-零基础入门学习Python-第一版\091-【Python教程】《零基础入门学习Python》 p91 Pygame：飞机大战1.mp4
[22:07:43]     OK  (121s)  OK 文字稿\04-Python-零基础入门学习Python-第一版\091-【Python教程】《零基础入门学习Python》 p91 Pygame：飞机大战1.md 256
[22:07:43] [56/101] 04-Python-零基础入门学习Python-第一版\094-【Python教程】《零基础入门学习Python》 p94 Pygame：飞机大战4.mp4
[22:08:44]     OK  (219s)  OK 文字稿\04-Python-零基础入门学习Python-第一版\093-【Python教程】《零基础入门学习Python》 p93 Pygame：飞机大战3.md 235
[22:08:44] [57/102] 04-Python-零基础入门学习Python-第一版\096-【Python教程】《零基础入门学习Python》 p96 Pygame：飞机大战6.mp4
[22:09:32]     OK  (307s)  OK 文字稿\04-Python-零基础入门学习Python-第一版\092-【Python教程】《零基础入门学习Python》 p92 Pygame：飞机大战2.md 876
[22:09:32] [56/101] 04-Python-零基础入门学习Python-第一版\095-【Python教程】《零基础入门学习Python》 p95 Pygame：飞机大战5.mp4
[22:11:47]     OK  (244s)  OK 文字稿\04-Python-零基础入门学习Python-第一版\094-【Python教程】《零基础入门学习Python》 p94 Pygame：飞机大战4.md 653
[22:11:47] [57/101] 04-Python-零基础入门学习Python-第一版\097-【Python教程】《零基础入门学习Python》 p97 Pygame：飞机大战7.mp4
[22:13:08]     OK  (264s)  OK 文字稿\04-Python-零基础入门学习Python-第一版\096-【Python教程】《零基础入门学习Python》 p96 Pygame：飞机大战6.md 672
[22:13:08] [58/102] 05-Python-笨办法学Python第5版\002-【Python教程】《“笨办法”学Python》第5版（2026年07月16日更新） p02 习题1：写好第一个程序.mp4
[22:14:20]     OK  (288s)  OK 文字稿\04-Python-零基础入门学习Python-第一版\095-【Python教程】《零基础入门学习Python》 p95 Pygame：飞机大战5.md 884
[22:14:20] [57/101] 05-Python-笨办法学Python第5版\001-【Python教程】《“笨办法”学Python》第5版（2026年07月16日更新） p01 习题0：蓄势待发.mp4
[22:14:50]     OK  (102s)  OK 文字稿\05-Python-笨办法学Python第5版\002-【Python教程】《“笨办法”学Python》第5版（2026年07月16日更新） p02 习题1：写好第一个程序.md 254
[22:14:50] [59/102] 05-Python-笨办法学Python第5版\005-【Python教程】《“笨办法”学Python》第5版（2026年07月16日更新） p05 习题4：变量与命名.mp4
[22:15:16]     OK  (208s)  OK 文字稿\04-Python-零基础入门学习Python-第一版\097-【Python教程】《零基础入门学习Python》 p97 Pygame：飞机大战7.md 566
[22:15:16] [58/101] 05-Python-笨办法学Python第5版\003-【Python教程】《“笨办法”学Python》第5版（2026年07月16日更新） p03 习题2：注释与#字符.mp4
[22:16:04]     OK  (48s)  OK 文字稿\05-Python-笨办法学Python第5版\003-【Python教程】《“笨办法”学Python》第5版（2026年07月16日更新） p03 习题2：注释与#字符.md 79
[22:16:04] [59/101] 05-Python-笨办法学Python第5版\006-【Python教程】《“笨办法”学Python》第5版（2026年07月16日更新） p06 习题5：更多变量与打印练习.mp4
[22:16:07]     OK  (77s)  OK 文字稿\05-Python-笨办法学Python第5版\005-【Python教程】《“笨办法”学Python》第5版（2026年07月16日更新） p05 习题4：变量与命名.md 169
[22:16:07] [60/102] 05-Python-笨办法学Python第5版\008-【Python教程】《“笨办法”学Python》第5版（2026年07月16日更新） p08 习题7：组合字符串.mp4
[22:16:17]     OK  (117s)  OK 文字稿\05-Python-笨办法学Python第5版\001-【Python教程】《“笨办法”学Python》第5版（2026年07月16日更新） p01 习题0：蓄势待发.md 264
[22:16:17] [58/101] 05-Python-笨办法学Python第5版\004-【Python教程】《“笨办法”学Python》第5版（2026年07月16日更新） p04 习题3：数字与数学.mp4
[22:17:18]     OK  (74s)  OK 文字稿\05-Python-笨办法学Python第5版\006-【Python教程】《“笨办法”学Python》第5版（2026年07月16日更新） p06 习题5：更多变量与打印练习.md 174
[22:17:18] [60/101] 05-Python-笨办法学Python第5版\009-【Python教程】《“笨办法”学Python》第5版（2026年07月16日更新） p09 习题8：手动格式化字符串.mp4
[22:17:39]     OK  (92s)  OK 文字稿\05-Python-笨办法学Python第5版\008-【Python教程】《“笨办法”学Python》第5版（2026年07月16日更新） p08 习题7：组合字符串.md 227
[22:17:39] [61/102] 05-Python-笨办法学Python第5版\011-【Python教程】《“笨办法”学Python》第5版（2026年07月16日更新） p11 习题10：字符串中的转义字符.mp4
[22:17:50]     OK  (93s)  OK 文字稿\05-Python-笨办法学Python第5版\004-【Python教程】《“笨办法”学Python》第5版（2026年07月16日更新） p04 习题3：数字与数学.md 203
[22:17:50] [59/101] 05-Python-笨办法学Python第5版\007-【Python教程】《“笨办法”学Python》第5版（2026年07月16日更新） p07 习题6：字符串与文本.mp4
[22:17:57]     OK  (39s)  OK 文字稿\05-Python-笨办法学Python第5版\009-【Python教程】《“笨办法”学Python》第5版（2026年07月16日更新） p09 习题8：手动格式化字符串.md 66
[22:17:57] [61/101] 05-Python-笨办法学Python第5版\012-【Python教程】《“笨办法”学Python》第5版（2026年07月16日更新） p12 习题11：向人提问.mp4
[22:19:00]     OK  (81s)  OK 文字稿\05-Python-笨办法学Python第5版\011-【Python教程】《“笨办法”学Python》第5版（2026年07月16日更新） p11 习题10：字符串中的转义字符.md 165
[22:19:00] [62/102] 05-Python-笨办法学Python第5版\014-【Python教程】《“笨办法”学Python》第5版（2026年07月16日更新） p14 习题13：参数，解包，变量.mp4
[22:19:03]     OK  (73s)  OK 文字稿\05-Python-笨办法学Python第5版\007-【Python教程】《“笨办法”学Python》第5版（2026年07月16日更新） p07 习题6：字符串与文本.md 138
[22:19:03] [60/101] 05-Python-笨办法学Python第5版\010-【Python教程】《“笨办法”学Python》第5版（2026年07月16日更新） p10 习题9：多行字符串.mp4
[22:19:06]     OK  (69s)  OK 文字稿\05-Python-笨办法学Python第5版\012-【Python教程】《“笨办法”学Python》第5版（2026年07月16日更新） p12 习题11：向人提问.md 154
[22:19:06] [62/101] 05-Python-笨办法学Python第5版\015-【Python教程】《“笨办法”学Python》第5版（2026年07月16日更新） p15 习题14：提示和传递.mp4
[22:19:57]     OK  (54s)  OK 文字稿\05-Python-笨办法学Python第5版\010-【Python教程】《“笨办法”学Python》第5版（2026年07月16日更新） p10 习题9：多行字符串.md 81
[22:19:57] [61/101] 05-Python-笨办法学Python第5版\013-【Python教程】《“笨办法”学Python》第5版（2026年07月16日更新） p13 习题12：更简单的提问.mp4
[22:20:34]     OK  (88s)  OK 文字稿\05-Python-笨办法学Python第5版\015-【Python教程】《“笨办法”学Python》第5版（2026年07月16日更新） p15 习题14：提示和传递.md 210
[22:20:34] [63/101] 05-Python-笨办法学Python第5版\018-【Python教程】《“笨办法”学Python》第5版（2026年07月16日更新） p18 习题17：更多文件操作.mp4
[22:20:53]     OK  (57s)  OK 文字稿\05-Python-笨办法学Python第5版\013-【Python教程】《“笨办法”学Python》第5版（2026年07月16日更新） p13 习题12：更简单的提问.md 97
[22:20:53] [62/101] 05-Python-笨办法学Python第5版\016-【Python教程】《“笨办法”学Python》第5版（2026年07月16日更新） p16 习题15：读取文件.mp4
[22:20:55]     OK  (114s)  OK 文字稿\05-Python-笨办法学Python第5版\014-【Python教程】《“笨办法”学Python》第5版（2026年07月16日更新） p14 习题13：参数，解包，变量.md 301
[22:20:55] [63/102] 05-Python-笨办法学Python第5版\017-【Python教程】《“笨办法”学Python》第5版（2026年07月16日更新） p17 习题16：读写文件.mp4
[22:22:17]     OK  (103s)  OK 文字稿\05-Python-笨办法学Python第5版\018-【Python教程】《“笨办法”学Python》第5版（2026年07月16日更新） p18 习题17：更多文件操作.md 266
[22:22:17] [64/101] 05-Python-笨办法学Python第5版\021-【Python教程】《“笨办法”学Python》第5版（2026年07月16日更新） p21 习题20：函数和文件.mp4
[22:23:16]     OK  (142s)  OK 文字稿\05-Python-笨办法学Python第5版\016-【Python教程】《“笨办法”学Python》第5版（2026年07月16日更新） p16 习题15：读取文件.md 263
[22:23:16] [63/101] 05-Python-笨办法学Python第5版\019-【Python教程】《“笨办法”学Python》第5版（2026年07月16日更新） p19 习题18：命名、变量、代码、函数.mp4
[22:23:18]     OK  (143s)  OK 文字稿\05-Python-笨办法学Python第5版\017-【Python教程】《“笨办法”学Python》第5版（2026年07月16日更新） p17 习题16：读写文件.md 236
[22:23:18] [64/102] 05-Python-笨办法学Python第5版\020-【Python教程】《“笨办法”学Python》第5版（2026年07月16日更新） p20 习题19：函数和变量.mp4
[22:23:22]     OK  (65s)  OK 文字稿\05-Python-笨办法学Python第5版\021-【Python教程】《“笨办法”学Python》第5版（2026年07月16日更新） p21 习题20：函数和文件.md 125
[22:23:22] [65/101] 05-Python-笨办法学Python第5版\024-【Python教程】《“笨办法”学Python》第5版（2026年07月16日更新） p24 习题22：字符串、字节和字符编码（中）.mp4
[22:24:44]     OK  (86s)  OK 文字稿\05-Python-笨办法学Python第5版\020-【Python教程】《“笨办法”学Python》第5版（2026年07月16日更新） p20 习题19：函数和变量.md 187
[22:24:44] [65/102] 05-Python-笨办法学Python第5版\023-【Python教程】《“笨办法”学Python》第5版（2026年07月16日更新） p23 习题22：字符串、字节和字符编码（上）.mp4
[22:26:01]     OK  (159s)  OK 文字稿\05-Python-笨办法学Python第5版\024-【Python教程】《“笨办法”学Python》第5版（2026年07月16日更新） p24 习题22：字符串、字节和字符编码（中）.md 342
[22:26:01] [66/101] 05-Python-笨办法学Python第5版\027-【Python教程】《“笨办法”学Python》第5版（2026年07月16日更新） p27 习题24：字典入门.mp4
[22:26:09]     OK  (173s)  OK 文字稿\05-Python-笨办法学Python第5版\019-【Python教程】《“笨办法”学Python》第5版（2026年07月16日更新） p19 习题18：命名、变量、代码、函数.md 394
[22:26:09] [64/101] 05-Python-笨办法学Python第5版\022-【Python教程】《“笨办法”学Python》第5版（2026年07月16日更新） p22 习题21：函数可以返回某些内容.mp4
[22:26:50]     OK  (125s)  OK 文字稿\05-Python-笨办法学Python第5版\023-【Python教程】《“笨办法”学Python》第5版（2026年07月16日更新） p23 习题22：字符串、字节和字符编码（上）.md 287
[22:26:50] [66/102] 05-Python-笨办法学Python第5版\026-【Python教程】《“笨办法”学Python》第5版（2026年07月16日更新） p26 习题23：列表入门.mp4
[22:27:47]     OK  (98s)  OK 文字稿\05-Python-笨办法学Python第5版\022-【Python教程】《“笨办法”学Python》第5版（2026年07月16日更新） p22 习题21：函数可以返回某些内容.md 190
[22:27:47] [65/101] 05-Python-笨办法学Python第5版\025-【Python教程】《“笨办法”学Python》第5版（2026年07月16日更新） p25 习题22：字符串、字节和字符编码（下）.mp4
[22:27:51]     OK  (111s)  OK 文字稿\05-Python-笨办法学Python第5版\027-【Python教程】《“笨办法”学Python》第5版（2026年07月16日更新） p27 习题24：字典入门.md 309
[22:27:51] [67/101] 05-Python-笨办法学Python第5版\030-【Python教程】《“笨办法”学Python》第5版（2026年07月16日更新） p30 习题27：代码游戏的五条简单规则（1）.mp4
[22:28:19]     OK  (89s)  OK 文字稿\05-Python-笨办法学Python第5版\026-【Python教程】《“笨办法”学Python》第5版（2026年07月16日更新） p26 习题23：列表入门.md 178
[22:28:19] [67/102] 05-Python-笨办法学Python第5版\029-【Python教程】《“笨办法”学Python》第5版（2026年07月16日更新） p29 习题26：字典和模块.mp4
[22:29:26]     OK  (95s)  OK 文字稿\05-Python-笨办法学Python第5版\030-【Python教程】《“笨办法”学Python》第5版（2026年07月16日更新） p30 习题27：代码游戏的五条简单规则（1）.md 230
[22:29:26] [68/101] 05-Python-笨办法学Python第5版\033-【Python教程】《“笨办法”学Python》第5版（2026年07月16日更新） p33 习题27：代码游戏的五条简单规则（4）.mp4
[22:29:32]     OK  (105s)  OK 文字稿\05-Python-笨办法学Python第5版\025-【Python教程】《“笨办法”学Python》第5版（2026年07月16日更新） p25 习题22：字符串、字节和字符编码（下）.md 249
[22:29:32] [66/101] 05-Python-笨办法学Python第5版\028-【Python教程】《“笨办法”学Python》第5版（2026年07月16日更新） p28 习题25：字典和函数.mp4
[22:30:09]     OK  (43s)  OK 文字稿\05-Python-笨办法学Python第5版\033-【Python教程】《“笨办法”学Python》第5版（2026年07月16日更新） p33 习题27：代码游戏的五条简单规则（4）.md 82
[22:30:09] [69/101] 05-Python-笨办法学Python第5版\036-【Python教程】《“笨办法”学Python》第5版（2026年07月16日更新） p36 习题29：布尔表达式练习.mp4
[22:30:19]     OK  (120s)  OK 文字稿\05-Python-笨办法学Python第5版\029-【Python教程】《“笨办法”学Python》第5版（2026年07月16日更新） p29 习题26：字典和模块.md 403
[22:30:19] [68/102] 05-Python-笨办法学Python第5版\032-【Python教程】《“笨办法”学Python》第5版（2026年07月16日更新） p32 习题27：代码游戏的五条简单规则（3）.mp4
[22:31:23]     OK  (65s)  OK 文字稿\05-Python-笨办法学Python第5版\032-【Python教程】《“笨办法”学Python》第5版（2026年07月16日更新） p32 习题27：代码游戏的五条简单规则（3）.md 135
[22:31:23] [69/102] 05-Python-笨办法学Python第5版\035-【Python教程】《“笨办法”学Python》第5版（2026年07月16日更新） p35 习题28：理解逻辑关系.mp4
[22:31:24]     OK  (112s)  OK 文字稿\05-Python-笨办法学Python第5版\028-【Python教程】《“笨办法”学Python》第5版（2026年07月16日更新） p28 习题25：字典和函数.md 316
[22:31:24] [67/101] 05-Python-笨办法学Python第5版\031-【Python教程】《“笨办法”学Python》第5版（2026年07月16日更新） p31 习题27：代码游戏的五条简单规则（2）.mp4
[22:31:49]     OK  (101s)  OK 文字稿\05-Python-笨办法学Python第5版\036-【Python教程】《“笨办法”学Python》第5版（2026年07月16日更新） p36 习题29：布尔表达式练习.md 314
[22:31:49] [70/101] 05-Python-笨办法学Python第5版\039-【Python教程】《“笨办法”学Python》第5版（2026年07月16日更新） p39 习题32：做出决策.mp4
[22:32:06]     OK  (43s)  OK 文字稿\05-Python-笨办法学Python第5版\035-【Python教程】《“笨办法”学Python》第5版（2026年07月16日更新） p35 习题28：理解逻辑关系.md 57
[22:32:06] [70/102] 05-Python-笨办法学Python第5版\038-【Python教程】《“笨办法”学Python》第5版（2026年07月16日更新） p38 习题31：else和if.mp4
[22:32:26]     OK  (61s)  OK 文字稿\05-Python-笨办法学Python第5版\031-【Python教程】《“笨办法”学Python》第5版（2026年07月16日更新） p31 习题27：代码游戏的五条简单规则（2）.md 100
[22:32:26] [68/101] 05-Python-笨办法学Python第5版\034-【Python教程】《“笨办法”学Python》第5版（2026年07月16日更新） p34 习题27：代码游戏的五条简单规则（5）.mp4
[22:33:05]     OK  (75s)  OK 文字稿\05-Python-笨办法学Python第5版\039-【Python教程】《“笨办法”学Python》第5版（2026年07月16日更新） p39 习题32：做出决策.md 200
[22:33:05] [71/101] 05-Python-笨办法学Python第5版\042-【Python教程】《“笨办法”学Python》第5版（2026年07月16日更新） p42 习题35：分支和函数.mp4
[22:33:34]     OK  (87s)  OK 文字稿\05-Python-笨办法学Python第5版\038-【Python教程】《“笨办法”学Python》第5版（2026年07月16日更新） p38 习题31：else和if.md 251
[22:33:34] [71/102] 05-Python-笨办法学Python第5版\041-【Python教程】《“笨办法”学Python》第5版（2026年07月16日更新） p41 习题34：while循环.mp4
[22:33:52]     OK  (86s)  OK 文字稿\05-Python-笨办法学Python第5版\034-【Python教程】《“笨办法”学Python》第5版（2026年07月16日更新） p34 习题27：代码游戏的五条简单规则（5）.md 202
[22:33:52] [69/101] 05-Python-笨办法学Python第5版\037-【Python教程】《“笨办法”学Python》第5版（2026年07月16日更新） p37 习题30：if是什么.mp4
[22:34:43]     OK  (51s)  OK 文字稿\05-Python-笨办法学Python第5版\037-【Python教程】《“笨办法”学Python》第5版（2026年07月16日更新） p37 习题30：if是什么.md 105
[22:34:43] [70/101] 05-Python-笨办法学Python第5版\040-【Python教程】《“笨办法”学Python》第5版（2026年07月16日更新） p40 习题33：循环和列表.mp4
[22:34:52]     OK  (107s)  OK 文字稿\05-Python-笨办法学Python第5版\042-【Python教程】《“笨办法”学Python》第5版（2026年07月16日更新） p42 习题35：分支和函数.md 308
[22:34:52] [72/101] 05-Python-笨办法学Python第5版\045-【Python教程】《“笨办法”学Python》第5版（2026年07月16日更新） p45 习题38：超越Jupyter的Windows系统方案.mp4
[22:35:02]     OK  (88s)  OK 文字稿\05-Python-笨办法学Python第5版\041-【Python教程】《“笨办法”学Python》第5版（2026年07月16日更新） p41 习题34：while循环.md 224
[22:35:02] [72/102] 05-Python-笨办法学Python第5版\044-【Python教程】《“笨办法”学Python》第5版（2026年07月16日更新） p44 习题37：符号复习.mp4
[22:36:41]     OK  (118s)  OK 文字稿\05-Python-笨办法学Python第5版\040-【Python教程】《“笨办法”学Python》第5版（2026年07月16日更新） p40 习题33：循环和列表.md 298
[22:36:41] [71/101] 05-Python-笨办法学Python第5版\043-【Python教程】《“笨办法”学Python》第5版（2026年07月16日更新） p43 习题36：设计和调试.mp4
[22:36:43]     OK  (102s)  OK 文字稿\05-Python-笨办法学Python第5版\044-【Python教程】《“笨办法”学Python》第5版（2026年07月16日更新） p44 习题37：符号复习.md 228
[22:36:43] [73/102] 05-Python-笨办法学Python第5版\047-【Python教程】《“笨办法”学Python》第5版（2026年07月16日更新） p47 习题40：高级开发者工具.mp4
[22:37:04]     OK  (132s)  OK 文字稿\05-Python-笨办法学Python第5版\045-【Python教程】《“笨办法”学Python》第5版（2026年07月16日更新） p45 习题38：超越Jupyter的Windows系统方案.md 312
[22:37:04] [73/101] 05-Python-笨办法学Python第5版\048-【Python教程】《“笨办法”学Python》第5版（2026年07月16日更新） p48 催更.mp4
[22:37:14]     OK  (9s)  OK 文字稿\05-Python-笨办法学Python第5版\048-【Python教程】《“笨办法”学Python》第5版（2026年07月16日更新） p48 催更.md 0
[22:37:14] [74/101] 06-Python-极客Python之效率革命\01-爬虫篇\003-【爬虫篇】《极客Python之效率革命》 p03 爬取网易云音乐的热门评论.mp4
[22:39:53]     OK  (190s)  OK 文字稿\05-Python-笨办法学Python第5版\047-【Python教程】《“笨办法”学Python》第5版（2026年07月16日更新） p47 习题40：高级开发者工具.md 495
[22:39:53] [74/102] 06-Python-极客Python之效率革命\01-爬虫篇\002-【爬虫篇】《极客Python之效率革命》 p02 2017年中国主要城市房价工资比排行榜.mp4
[22:40:01]     OK  (200s)  OK 文字稿\05-Python-笨办法学Python第5版\043-【Python教程】《“笨办法”学Python》第5版（2026年07月16日更新） p43 习题36：设计和调试.md 476
[22:40:01] [72/101] 05-Python-笨办法学Python第5版\046-【Python教程】《“笨办法”学Python》第5版（2026年07月16日更新） p46 习题39：超越Jupyter的MacOS系统方案.mp4
[22:41:32]     OK  (258s)  OK 文字稿\06-Python-极客Python之效率革命\01-爬虫篇\003-【爬虫篇】《极客Python之效率革命》 p03 爬取网易云音乐的热门评论.md 698
[22:41:32] [75/101] 06-Python-极客Python之效率革命\01-爬虫篇\006-【爬虫篇】《极客Python之效率革命》 p06 找出B站最受欢迎的编程课程.mp4
[22:42:35]     OK  (154s)  OK 文字稿\05-Python-笨办法学Python第5版\046-【Python教程】《“笨办法”学Python》第5版（2026年07月16日更新） p46 习题39：超越Jupyter的MacOS系统方案.md 312
[22:42:35] [73/101] 06-Python-极客Python之效率革命\01-爬虫篇\001-【爬虫篇】《极客Python之效率革命》 p01 爬取豆瓣TOP250电影排行榜.mp4
[22:43:56]     OK  (242s)  OK 文字稿\06-Python-极客Python之效率革命\01-爬虫篇\002-【爬虫篇】《极客Python之效率革命》 p02 2017年中国主要城市房价工资比排行榜.md 796
[22:43:56] [75/102] 06-Python-极客Python之效率革命\01-爬虫篇\005-【爬虫篇】《极客Python之效率革命》 p05 统计淘宝某宝贝的销量（下）.mp4
[22:44:51]     OK  (200s)  OK 文字稿\06-Python-极客Python之效率革命\01-爬虫篇\006-【爬虫篇】《极客Python之效率革命》 p06 找出B站最受欢迎的编程课程.md 346
[22:44:51] [76/101] 06-Python-极客Python之效率革命\02-办公篇\003-【办公篇】《极客Python之效率革命》 p03 使用Python读写Excel文件（3）.mp4
[22:47:09]     OK  (274s)  OK 文字稿\06-Python-极客Python之效率革命\01-爬虫篇\001-【爬虫篇】《极客Python之效率革命》 p01 爬取豆瓣TOP250电影排行榜.md 524
[22:47:09] [74/101] 06-Python-极客Python之效率革命\01-爬虫篇\004-【爬虫篇】《极客Python之效率革命》 p04 统计淘宝某宝贝的销量（上）.mp4
[22:50:04]     OK  (368s)  OK 文字稿\06-Python-极客Python之效率革命\01-爬虫篇\005-【爬虫篇】《极客Python之效率革命》 p05 统计淘宝某宝贝的销量（下）.md 481
[22:50:04] [76/102] 06-Python-极客Python之效率革命\02-办公篇\002-【办公篇】《极客Python之效率革命》 p02 使用Python读写Excel文件（2）.mp4
[22:52:56]     OK  (485s)  OK 文字稿\06-Python-极客Python之效率革命\02-办公篇\003-【办公篇】《极客Python之效率革命》 p03 使用Python读写Excel文件（3）.md 372
[22:52:56] [77/101] 06-Python-极客Python之效率革命\02-办公篇\006-【办公篇】《极客Python之效率革命》 p06 使用Python读写Excel文件（6）.mp4
[22:56:31]     OK  (562s)  OK 文字稿\06-Python-极客Python之效率革命\01-爬虫篇\004-【爬虫篇】《极客Python之效率革命》 p04 统计淘宝某宝贝的销量（上）.md 528
[22:56:32] [75/101] 06-Python-极客Python之效率革命\02-办公篇\001-【办公篇】《极客Python之效率革命》 p01 使用Python读写Excel文件（1）.mp4
[22:58:36]     OK  (512s)  OK 文字稿\06-Python-极客Python之效率革命\02-办公篇\002-【办公篇】《极客Python之效率革命》 p02 使用Python读写Excel文件（2）.md 539
[22:58:36] [77/102] 06-Python-极客Python之效率革命\02-办公篇\005-【办公篇】《极客Python之效率革命》 p05 使用Python读写Excel文件（5）.mp4
[23:01:32]     OK  (176s)  OK 文字稿\06-Python-极客Python之效率革命\02-办公篇\005-【办公篇】《极客Python之效率革命》 p05 使用Python读写Excel文件（5）.md 278
[23:01:32] [78/102] 06-Python-极客Python之效率革命\03-绘图篇\002-【绘图篇】《极客Python之效率革命》 p02 生成随机图片验证码和音频验证码.mp4
[23:01:37]     OK  (306s)  OK 文字稿\06-Python-极客Python之效率革命\02-办公篇\001-【办公篇】《极客Python之效率革命》 p01 使用Python读写Excel文件（1）.md 369
[23:01:37] [76/101] 06-Python-极客Python之效率革命\02-办公篇\004-【办公篇】《极客Python之效率革命》 p04 使用Python读写Excel文件（4）.mp4
[23:01:39]     OK  (523s)  OK 文字稿\06-Python-极客Python之效率革命\02-办公篇\006-【办公篇】《极客Python之效率革命》 p06 使用Python读写Excel文件（6）.md 485
[23:01:39] [78/101] 06-Python-极客Python之效率革命\03-绘图篇\003-【绘图篇】《极客Python之效率革命》 p03 词云——将你的数据可视化的一种炫酷方案.mp4
[23:03:44]     OK  (125s)  OK 文字稿\06-Python-极客Python之效率革命\03-绘图篇\003-【绘图篇】《极客Python之效率革命》 p03 词云——将你的数据可视化的一种炫酷方案.md 317
[23:03:44] [79/101] 06-Python-极客Python之效率革命\04-Git实用教程\003-【Git教程】《极客Python之Git实用教程》 p03 查看工作状态和历史提交.mp4
[23:03:46]     OK  (134s)  OK 文字稿\06-Python-极客Python之效率革命\03-绘图篇\002-【绘图篇】《极客Python之效率革命》 p02 生成随机图片验证码和音频验证码.md 345
[23:03:46] [79/102] 06-Python-极客Python之效率革命\04-Git实用教程\002-【Git教程】《极客Python之Git实用教程》 p02 Git理论基础.mp4
[23:05:08]     OK  (210s)  OK 文字稿\06-Python-极客Python之效率革命\02-办公篇\004-【办公篇】《极客Python之效率革命》 p04 使用Python读写Excel文件（4）.md 497
[23:05:08] [77/101] 06-Python-极客Python之效率革命\03-绘图篇\001-【绘图篇】《极客Python之效率革命》 p01 将你的女神变成字符画.mp4
[23:07:03]     OK  (196s)  OK 文字稿\06-Python-极客Python之效率革命\04-Git实用教程\002-【Git教程】《极客Python之Git实用教程》 p02 Git理论基础.md 486
[23:07:03] [80/102] 06-Python-极客Python之效率革命\04-Git实用教程\005-【Git教程】《极客Python之Git实用教程》 p05 版本对比.mp4
[23:07:08]     OK  (204s)  OK 文字稿\06-Python-极客Python之效率革命\04-Git实用教程\003-【Git教程】《极客Python之Git实用教程》 p03 查看工作状态和历史提交.md 464
[23:07:08] [80/101] 06-Python-极客Python之效率革命\04-Git实用教程\006-【Git教程】《极客Python之Git实用教程》 p06 修改最后一次提交、删除文件和重命名文件.mp4
[23:07:59]     OK  (172s)  OK 文字稿\06-Python-极客Python之效率革命\03-绘图篇\001-【绘图篇】《极客Python之效率革命》 p01 将你的女神变成字符画.md 535
[23:07:59] [78/101] 06-Python-极客Python之效率革命\04-Git实用教程\001-【Git教程】《极客Python之Git实用教程》 p01 Git是个什么玩意儿.mp4
[23:10:02]     OK  (174s)  OK 文字稿\06-Python-极客Python之效率革命\04-Git实用教程\006-【Git教程】《极客Python之Git实用教程》 p06 修改最后一次提交、删除文件和重命名文件.md 364
[23:10:02] [81/101] 06-Python-极客Python之效率革命\04-Git实用教程\009-【Git教程】《极客Python之Git实用教程》 p09 匿名分支和checkout命令.mp4
[23:11:04]     OK  (185s)  OK 文字稿\06-Python-极客Python之效率革命\04-Git实用教程\001-【Git教程】《极客Python之Git实用教程》 p01 Git是个什么玩意儿.md 174
[23:11:04] [79/101] 06-Python-极客Python之效率革命\04-Git实用教程\004-【Git教程】《极客Python之Git实用教程》 p04 回到过去.mp4
[23:11:11]     OK  (248s)  OK 文字稿\06-Python-极客Python之效率革命\04-Git实用教程\005-【Git教程】《极客Python之Git实用教程》 p05 版本对比.md 550
[23:11:11] [81/102] 06-Python-极客Python之效率革命\04-Git实用教程\008-【Git教程】《极客Python之Git实用教程》 p08 合并和删除分支.mp4
[23:13:15]     OK  (124s)  OK 文字稿\06-Python-极客Python之效率革命\04-Git实用教程\008-【Git教程】《极客Python之Git实用教程》 p08 合并和删除分支.md 281
[23:13:15] [82/102] 07-Python-进阶与专题\01-collections模块\001-《Python高阶模块》-- collections模块 p01 命名元组 -- nametuple().mp4
[23:13:37]     OK  (215s)  OK 文字稿\06-Python-极客Python之效率革命\04-Git实用教程\009-【Git教程】《极客Python之Git实用教程》 p09 匿名分支和checkout命令.md 579
[23:13:37] [82/101] 07-Python-进阶与专题\01-collections模块\002-《Python高阶模块》-- collections模块 p02 一个用于计数的类 -- Counter.mp4
[23:13:51]     OK  (167s)  OK 文字稿\06-Python-极客Python之效率革命\04-Git实用教程\004-【Git教程】《极客Python之Git实用教程》 p04 回到过去.md 448
[23:13:51] [80/101] 06-Python-极客Python之效率革命\04-Git实用教程\007-【Git教程】《极客Python之Git实用教程》 p07 创建和切换分支.mp4
[23:15:28]     OK  (133s)  OK 文字稿\07-Python-进阶与专题\01-collections模块\001-《Python高阶模块》-- collections模块 p01 命名元组 -- nametuple().md 306
[23:15:28] [83/102] 07-Python-进阶与专题\01-collections模块\004-《Python高阶模块》-- collections模块 p04 To be continued.mp4
[23:15:42]     OK  (14s)  OK 文字稿\07-Python-进阶与专题\01-collections模块\004-《Python高阶模块》-- collections模块 p04 To be continued.md 9
[23:15:42] [84/102] 07-Python-进阶与专题\03-OpenCV图像处理\002-【OpenCV篇】《通过案例学习图像处理及计算机视觉开发》（小甲鱼） p02 人脸识别.mp4
[23:15:47]     OK  (130s)  OK 文字稿\07-Python-进阶与专题\01-collections模块\002-《Python高阶模块》-- collections模块 p02 一个用于计数的类 -- Counter.md 312
[23:15:47] [83/101] 07-Python-进阶与专题\02-结构化模式匹配\1-结构化模式匹配（上）.mp4
[23:16:16]     OK  (29s)  OK 文字稿\07-Python-进阶与专题\02-结构化模式匹配\1-结构化模式匹配（上）.md 37
[23:16:16] [84/101] 07-Python-进阶与专题\04-二维码生成器-上\1-使用Python制作专属二维码生成器（上）.mp4
[23:16:20]     OK  (149s)  OK 文字稿\06-Python-极客Python之效率革命\04-Git实用教程\007-【Git教程】《极客Python之Git实用教程》 p07 创建和切换分支.md 418
[23:16:20] [81/101] 06-Python-极客Python之效率革命\04-Git实用教程\010-【Git教程】《极客Python之Git实用教程》 p10 创建你的GitHub账户.mp4
[23:17:07]     OK  (48s)  OK 文字稿\06-Python-极客Python之效率革命\04-Git实用教程\010-【Git教程】《极客Python之Git实用教程》 p10 创建你的GitHub账户.md 56
[23:17:07] [82/101] 07-Python-进阶与专题\01-collections模块\003-《Python高阶模块》-- collections模块 p03 一个实现双端队列的容器 -- deque.mp4
[23:17:57]     OK  (135s)  OK 文字稿\07-Python-进阶与专题\03-OpenCV图像处理\002-【OpenCV篇】《通过案例学习图像处理及计算机视觉开发》（小甲鱼） p02 人脸识别.md 390
[23:17:57] [85/102] 07-Python-进阶与专题\05-AI抠图工具\1-手把手教你开发一个AI抠图工具（命令行模式）.mp4
[23:18:34]     OK  (138s)  OK 文字稿\07-Python-进阶与专题\04-二维码生成器-上\1-使用Python制作专属二维码生成器（上）.md 287
[23:18:34] [85/101] 07-Python-进阶与专题\06-图片压缩自动化\1-火爆全球的主流图片压缩方案自动化脚本(^m^).mp4
[23:19:28]     OK  (141s)  OK 文字稿\07-Python-进阶与专题\01-collections模块\003-《Python高阶模块》-- collections模块 p03 一个实现双端队列的容器 -- deque.md 326
[23:19:28] [83/101] 07-Python-进阶与专题\03-OpenCV图像处理\001-【OpenCV篇】《通过案例学习图像处理及计算机视觉开发》（小甲鱼） p01 OpenCV 的基本操作.mp4
[23:20:13]     OK  (99s)  OK 文字稿\07-Python-进阶与专题\06-图片压缩自动化\1-火爆全球的主流图片压缩方案自动化脚本(^m^).md 209
[23:20:13] [86/101] 08-C++入门\002-【C++语法】《C++快速入门》 p02 从一个小程序说起1.mp4
[23:20:19]     OK  (142s)  OK 文字稿\07-Python-进阶与专题\05-AI抠图工具\1-手把手教你开发一个AI抠图工具（命令行模式）.md 353
[23:20:19] [86/102] 08-C++入门\001-【C++语法】《C++快速入门》 p01 C++语言与OO思想介绍.mp4
[23:21:17]     OK  (109s)  OK 文字稿\07-Python-进阶与专题\03-OpenCV图像处理\001-【OpenCV篇】《通过案例学习图像处理及计算机视觉开发》（小甲鱼） p01 OpenCV 的基本操作.md 284
[23:21:17] [84/101] 07-Python-进阶与专题\04-二维码生成器-下\1-使用Python制作专属二维码生成器（下）.mp4
[23:23:32]     OK  (135s)  OK 文字稿\07-Python-进阶与专题\04-二维码生成器-下\1-使用Python制作专属二维码生成器（下）.md 299
[23:23:32] [85/101] 07-Python-进阶与专题\07-发布Python包\1-快将你的「代码」与全世界 Python 开发者分享🦆比Github还丝滑呢.mp4
[23:24:55]     OK  (282s)  OK 文字稿\08-C++入门\002-【C++语法】《C++快速入门》 p02 从一个小程序说起1.md 552
[23:24:55] [87/101] 08-C++入门\005-【C++语法】《C++快速入门》 p05 输出输入小结.mp4
[23:25:24]     OK  (305s)  OK 文字稿\08-C++入门\001-【C++语法】《C++快速入门》 p01 C++语言与OO思想介绍.md 226
[23:25:24] [87/102] 08-C++入门\004-【C++语法】《C++快速入门》 p04 从另一个小程序接着说.mp4
[23:25:35]     OK  (122s)  OK 文字稿\07-Python-进阶与专题\07-发布Python包\1-快将你的「代码」与全世界 Python 开发者分享🦆比Github还丝滑呢.md 274
[23:25:35] [86/101] 08-C++入门\003-【C++语法】《C++快速入门》 p03 从一个小程序说起2.mp4
[23:32:38]     OK  (462s)  OK 文字稿\08-C++入门\005-【C++语法】《C++快速入门》 p05 输出输入小结.md 676
[23:32:38] [88/101] 08-C++入门\008-【C++语法】《C++快速入门》 p08 复杂的数据类型2.mp4
[23:32:52]     OK  (438s)  OK 文字稿\08-C++入门\003-【C++语法】《C++快速入门》 p03 从一个小程序说起2.md 536
[23:32:52] [87/101] 08-C++入门\006-【C++语法】《C++快速入门》 p06 函数的重载.mp4
[23:33:03]     OK  (458s)  OK 文字稿\08-C++入门\004-【C++语法】《C++快速入门》 p04 从另一个小程序接着说.md 1074
[23:33:03] [88/102] 08-C++入门\007-【C++语法】《C++快速入门》 p07 复杂的数据类型1.mp4
[23:37:10]     OK  (257s)  OK 文字稿\08-C++入门\006-【C++语法】《C++快速入门》 p06 函数的重载.md 494
[23:37:10] [88/101] 08-C++入门\009-【C++语法】《C++快速入门》 p09 复杂的数据类型3.mp4
[23:37:36]     OK  (298s)  OK 文字稿\08-C++入门\008-【C++语法】《C++快速入门》 p08 复杂的数据类型2.md 148
[23:37:36] [89/101] 08-C++入门\011-【C++语法】《C++快速入门》 p11 复杂的数据类型5.mp4
[23:38:33]     OK  (330s)  OK 文字稿\08-C++入门\007-【C++语法】《C++快速入门》 p07 复杂的数据类型1.md 751
[23:38:33] [89/102] 08-C++入门\010-【C++语法】《C++快速入门》 p10 复杂的数据类型4.mp4
[08:08:02]     TIMEOUT > 12min — 跳过：009-【C++语法】《C++快速入门》 p09 复杂的数据类型3
[08:08:02] [89/101] 08-C++入门\012-【C++语法】《C++快速入门》 p12 传值、传址和传引用.mp4
[08:08:07]     TIMEOUT > 12min — 跳过：011-【C++语法】《C++快速入门》 p11 复杂的数据类型5
[08:08:07] [90/101] 08-C++入门\014-【C++语法】《C++快速入门》 p14 给大家介绍对象.mp4
[08:08:25]     TIMEOUT > 12min — 跳过：010-【C++语法】《C++快速入门》 p10 复杂的数据类型4
[08:08:25] [90/102] 08-C++入门\013-【C++语法】《C++快速入门》 p13 联合、枚举和类型别名.mp4
[08:10:46]     OK  (141s)  OK 文字稿\08-C++入门\013-【C++语法】《C++快速入门》 p13 联合、枚举和类型别名.md 205
[08:10:46] [91/102] 08-C++入门\016-【C++语法】《C++快速入门》 p16 不是每一滴牛奶都叫特仑苏（构造器和析构器讲解）.mp4
[08:12:29]     OK  (262s)  OK 文字稿\08-C++入门\014-【C++语法】《C++快速入门》 p14 给大家介绍对象.md 559
[08:12:30] [91/101] 08-C++入门\017-【C++语法】《C++快速入门》 p17 this指针和类的继承.mp4
[08:14:40]     OK  (234s)  OK 文字稿\08-C++入门\016-【C++语法】《C++快速入门》 p16 不是每一滴牛奶都叫特仑苏（构造器和析构器讲解）.md 555
[08:14:40] [92/102] 08-C++入门\019-【C++语法】《C++快速入门》 p19 访问控制.mp4
[08:14:54]     OK  (412s)  OK 文字稿\08-C++入门\012-【C++语法】《C++快速入门》 p12 传值、传址和传引用.md 940
[08:14:54] [90/101] 08-C++入门\015-【C++语法】《C++快速入门》 p15 闭门造车.mp4
[08:17:38]     OK  (308s)  OK 文字稿\08-C++入门\017-【C++语法】《C++快速入门》 p17 this指针和类的继承.md 475
[08:17:38] [92/101] 08-C++入门\020-【C++语法】《C++快速入门》 p20 覆盖方法和重载方法.mp4
[08:17:55]     OK  (195s)  OK 文字稿\08-C++入门\019-【C++语法】《C++快速入门》 p19 访问控制.md 470
[08:17:55] [93/102] 08-C++入门\022-【C++语法】《C++快速入门》 p22 静态属性和静态方法1.mp4
[08:18:01]     OK  (187s)  OK 文字稿\08-C++入门\015-【C++语法】《C++快速入门》 p15 闭门造车.md 431
[08:18:01] [91/101] 08-C++入门\018-【C++语法】《C++快速入门》 p18 继承机制中的构造器和析构器.mp4
[08:21:21]     OK  (206s)  OK 文字稿\08-C++入门\022-【C++语法】《C++快速入门》 p22 静态属性和静态方法1.md 389
[08:21:21] [94/102] 08-C++入门\025-【C++语法】《C++快速入门》 p25 抽象方法.mp4
[08:21:30]     OK  (209s)  OK 文字稿\08-C++入门\018-【C++语法】《C++快速入门》 p18 继承机制中的构造器和析构器.md 302
[08:21:30] [92/101] 08-C++入门\021-【C++语法】《C++快速入门》 p21 一种特殊的友情.mp4
[08:21:32]     OK  (234s)  OK 文字稿\08-C++入门\020-【C++语法】《C++快速入门》 p20 覆盖方法和重载方法.md 456
[08:21:32] [93/101] 08-C++入门\023-【C++语法】《C++快速入门》 p23 静态属性和静态方法2.mp4
[08:24:36]     OK  (186s)  OK 文字稿\08-C++入门\021-【C++语法】《C++快速入门》 p21 一种特殊的友情.md 374
[08:24:36] [93/101] 08-C++入门\024-【C++语法】《C++快速入门》 p24 虚方法.mp4
[08:25:10]     OK  (229s)  OK 文字稿\08-C++入门\025-【C++语法】《C++快速入门》 p25 抽象方法.md 556
[08:25:10] [95/102] 08-C++入门\028-【C++语法】《C++快速入门》 p28 重载＜＜操作符.mp4
[08:25:27]     OK  (235s)  OK 文字稿\08-C++入门\023-【C++语法】《C++快速入门》 p23 静态属性和静态方法2.md 207
[08:25:27] [94/101] 08-C++入门\026-【C++语法】《C++快速入门》 p26 运算符重载1.mp4
[08:27:46]     OK  (190s)  OK 文字稿\08-C++入门\024-【C++语法】《C++快速入门》 p24 虚方法.md 299
[08:27:46] [94/101] 08-C++入门\027-【C++语法】《C++快速入门》 p27 运算符重载2.mp4
[08:27:50]     OK  (160s)  OK 文字稿\08-C++入门\028-【C++语法】《C++快速入门》 p28 重载＜＜操作符.md 304
[08:27:50] [96/102] 08-C++入门\031-【C++语法】《C++快速入门》 p31 错误处理和调试1.mp4
[08:29:14]     OK  (228s)  OK 文字稿\08-C++入门\026-【C++语法】《C++快速入门》 p26 运算符重载1.md 162
[08:29:14] [95/101] 08-C++入门\029-【C++语法】《C++快速入门》 p29 多继承.mp4
[08:30:44]     OK  (178s)  OK 文字稿\08-C++入门\027-【C++语法】《C++快速入门》 p27 运算符重载2.md 386
[08:30:44] [95/101] 08-C++入门\030-【C++语法】《C++快速入门》 p30 虚继承.mp4
[08:31:31]     OK  (137s)  OK 文字稿\08-C++入门\029-【C++语法】《C++快速入门》 p29 多继承.md 272
[08:31:31] [96/101] 08-C++入门\032-【C++语法】《C++快速入门》 p32 错误处理和调试2.mp4
[08:32:46]     OK  (295s)  OK 文字稿\08-C++入门\031-【C++语法】《C++快速入门》 p31 错误处理和调试1.md 609
[08:32:46] [97/102] 08-C++入门\034-【C++语法】《C++快速入门》 p34 动态内存管理.mp4
[08:32:59]     OK  (135s)  OK 文字稿\08-C++入门\030-【C++语法】《C++快速入门》 p30 虚继承.md 106
[08:32:59] [96/101] 08-C++入门\033-【C++语法】《C++快速入门》 p33 assert函数和捕获异常.mp4
[08:35:21]     OK  (230s)  OK 文字稿\08-C++入门\032-【C++语法】《C++快速入门》 p32 错误处理和调试2.md 533
[08:35:21] [97/101] 08-C++入门\035-【C++语法】《C++快速入门》 p35 动态数组.mp4
[08:36:57]     OK  (251s)  OK 文字稿\08-C++入门\034-【C++语法】《C++快速入门》 p34 动态内存管理.md 493
[08:36:57] [98/102] 08-C++入门\037-【C++语法】《C++快速入门》 p37 副本构造器.mp4
[08:37:24]     OK  (265s)  OK 文字稿\08-C++入门\033-【C++语法】《C++快速入门》 p33 assert函数和捕获异常.md 550
[08:37:24] [97/101] 08-C++入门\036-【C++语法】《C++快速入门》 p36 从函数或方法返回内存.mp4
[08:37:40]     OK  (139s)  OK 文字稿\08-C++入门\035-【C++语法】《C++快速入门》 p35 动态数组.md 267
[08:37:40] [98/101] 08-C++入门\038-【C++语法】《C++快速入门》 p38 高级强制类型转换.mp4
[13:08:39]     TIMEOUT > 12min — 跳过：036-【C++语法】《C++快速入门》 p36 从函数或方法返回内存
[13:08:39] [98/101] 08-C++入门\039-【C++语法】《C++快速入门》 p39 避免内存泄漏.mp4
[13:08:57]     TIMEOUT > 12min — 跳过：037-【C++语法】《C++快速入门》 p37 副本构造器
[13:08:57] [99/102] 08-C++入门\040-【C++语法】《C++快速入门》 p40 命名空间和模块化编程1.mp4
[13:09:43]     TIMEOUT > 12min — 跳过：038-【C++语法】《C++快速入门》 p38 高级强制类型转换
[13:09:43] [99/101] 08-C++入门\041-【C++语法】《C++快速入门》 p41 命名空间和模块化编程2.mp4
[13:11:58]     OK  (180s)  OK 文字稿\08-C++入门\040-【C++语法】《C++快速入门》 p40 命名空间和模块化编程1.md 387
[13:11:58] [100/102] 08-C++入门\043-【C++语法】《C++快速入门》 p43 链接和作用域1.mp4
[13:12:04]     OK  (205s)  OK 文字稿\08-C++入门\039-【C++语法】《C++快速入门》 p39 避免内存泄漏.md 409
[13:12:04] [99/101] 08-C++入门\042-【C++语法】《C++快速入门》 p42 命名空间和模块化编程3.mp4
[13:13:45]     OK  (242s)  OK 文字稿\08-C++入门\041-【C++语法】《C++快速入门》 p41 命名空间和模块化编程2.md 634
[13:13:45] [100/101] 08-C++入门\044-【C++语法】《C++快速入门》 p44 链接和作用域2.mp4
[13:14:43]     OK  (159s)  OK 文字稿\08-C++入门\042-【C++语法】《C++快速入门》 p42 命名空间和模块化编程3.md 313
[13:14:43] [100/101] 08-C++入门\045-【C++语法】《C++快速入门》 p45 函数模板.mp4
[13:15:18]     OK  (201s)  OK 文字稿\08-C++入门\043-【C++语法】《C++快速入门》 p43 链接和作用域1.md 383
[13:15:18] [101/102] 08-C++入门\046-【C++语法】《C++快速入门》 p46 类模板.mp4
[13:16:16]     OK  (151s)  OK 文字稿\08-C++入门\044-【C++语法】《C++快速入门》 p44 链接和作用域2.md 30
[13:16:16] [101/101] 08-C++入门\047-【C++语法】《C++快速入门》 p47 内联模板.mp4
[13:17:37]     OK  (174s)  OK 文字稿\08-C++入门\045-【C++语法】《C++快速入门》 p45 函数模板.md 390
[13:17:37] [101/101] 08-C++入门\048-【C++语法】《C++快速入门》 p48 容器和算法1.mp4
[13:18:32]     OK  (135s)  OK 文字稿\08-C++入门\047-【C++语法】《C++快速入门》 p47 内联模板.md 182
[13:18:32] ALL DONE
[13:19:14]     OK  (236s)  OK 文字稿\08-C++入门\046-【C++语法】《C++快速入门》 p46 类模板.md 540
[13:19:14] [102/102] 08-C++入门\049-【C++语法】《C++快速入门》 p49 容器和算法2.mp4
[13:19:53]     OK  (136s)  OK 文字稿\08-C++入门\048-【C++语法】《C++快速入门》 p48 容器和算法1.md 139
[13:19:53] ALL DONE
[13:20:58]     OK  (103s)  OK 文字稿\08-C++入门\049-【C++语法】《C++快速入门》 p49 容器和算法2.md 353
[13:20:58] ALL DONE
[13:30:50] [shard 0/1] total=6  todo=6
[13:30:50] [1/6] 08-C++入门\009-【C++语法】《C++快速入门》 p09 复杂的数据类型3.mp4
[13:32:30]     OK  (100s)  OK 文字稿\08-C++入门\009-【C++语法】《C++快速入门》 p09 复杂的数据类型3.md 499
[13:32:30] [2/6] 08-C++入门\010-【C++语法】《C++快速入门》 p10 复杂的数据类型4.mp4
[13:33:46]     OK  (76s)  OK 文字稿\08-C++入门\010-【C++语法】《C++快速入门》 p10 复杂的数据类型4.md 197
[13:33:46] [3/6] 08-C++入门\011-【C++语法】《C++快速入门》 p11 复杂的数据类型5.mp4
[13:35:25]     OK  (99s)  OK 文字稿\08-C++入门\011-【C++语法】《C++快速入门》 p11 复杂的数据类型5.md 513
[13:35:25] [4/6] 08-C++入门\036-【C++语法】《C++快速入门》 p36 从函数或方法返回内存.mp4
[13:36:29]     OK  (64s)  OK 文字稿\08-C++入门\036-【C++语法】《C++快速入门》 p36 从函数或方法返回内存.md 310
[13:36:29] [5/6] 08-C++入门\037-【C++语法】《C++快速入门》 p37 副本构造器.mp4
[13:37:54]     OK  (85s)  OK 文字稿\08-C++入门\037-【C++语法】《C++快速入门》 p37 副本构造器.md 448
[13:37:54] [6/6] 08-C++入门\038-【C++语法】《C++快速入门》 p38 高级强制类型转换.mp4
[13:39:25]     OK  (91s)  OK 文字稿\08-C++入门\038-【C++语法】《C++快速入门》 p38 高级强制类型转换.md 502
[13:39:25] ALL DONE
